time,x,y,z,targetX,targetY,targetZ
0,-104.82694,139.90236,-142.92153,-0.00052,67.99096,-0.11499
0.25,-104.63912,139.79659,-142.83609,-0.00073,67.98117,-0.23914
0.5,-104.33402,139.62491,-142.69681,-0.00086,67.96527,-0.44005
0.75,-103.8893,139.37477,-142.49278,-0.00083,67.94211,-0.73167
1,-103.29369,139.03984,-142.21786,-0.00064,67.9111,-1.12039
1.25,-102.54513,138.61893,-141.86985,-0.00037,67.87212,-1.60642
1.5,-101.64694,138.11381,-141.44896,-0.00017,67.82535,-2.18642
1.75,-100.6047,137.52759,-140.95651,-0.00009,67.77107,-2.85553
2,-99.42473,136.8639,-140.39427,-0.00003,67.70962,-3.60841
2.25,-98.11355,136.1264,-139.76419,0.00005,67.64133,-4.43966
2.5,-96.67781,135.3188,-139.06824,0.00005,67.56656,-5.34396
2.75,-95.12409,134.44477,-138.30849,-0.00005,67.48563,-6.31607
3,-93.45879,133.50803,-137.4871,-0.00008,67.39889,-7.35082
3.25,-91.68843,132.51224,-136.60628,-0.00001,67.30669,-8.44314
3.5,-89.81973,131.4611,-135.66833,0.00001,67.20936,-9.58799
3.75,-87.85925,130.35831,-134.67558,-0.00003,67.10725,-10.78041
4,-85.81339,129.20755,-133.63048,0.00003,67.0007,-12.01552
4.25,-83.68876,128.01251,-132.5355,0.00014,66.89005,-13.28849
4.5,-81.49217,126.77688,-131.39321,0.00007,66.77564,-14.59458
4.75,-79.2301,125.50436,-130.20627,-0.00014,66.65781,-15.92912
5,-76.90879,124.19862,-128.97744,-0.00013,66.53691,-17.28758
5.25,-74.53487,122.86336,-127.70952,0,66.41327,-18.66544
5.5,-72.11517,121.50228,-126.40536,0,66.28725,-20.05824
5.75,-69.65614,120.11906,-125.06789,-0.00003,66.15917,-21.46161
6,-67.1641,118.71739,-123.70014,0.00014,66.02939,-22.87124
6.25,-64.6459,117.30095,-122.30513,0.00024,65.89824,-24.28287
6.5,-62.10837,115.87345,-120.88602,-0.00001,65.76606,-25.69233
6.75,-59.55773,114.43857,-119.44609,-0.00027,65.6332,-27.09559
7,-57.00014,113,-117.98869,-0.00014,65.5,-28.48869
7.25,-54.44252,111.56143,-116.5172,0.00002,65.3668,-29.8677
7.5,-51.89168,110.12655,-115.03504,-0.00004,65.23394,-31.22873
7.75,-49.35383,108.69905,-113.54572,0.00004,65.10176,-32.56798
8,-46.83545,107.28261,-112.05281,0.00031,64.97061,-33.88171
8.25,-44.34365,105.88094,-110.55994,0.00025,64.84083,-35.16622
8.5,-41.88505,104.49772,-109.07086,-0.00022,64.71275,-36.41797
8.75,-39.46548,103.13664,-107.58947,-0.00035,64.58673,-37.63354
9,-37.09142,101.80138,-106.11971,-0.00008,64.46309,-38.80957
9.25,-34.77001,100.49564,-104.6655,0.00002,64.34219,-39.94265
9.5,-32.50782,99.22312,-103.23084,-0.00006,64.22436,-41.02948
9.75,-30.31088,97.98749,-101.81983,0.00021,64.10995,-42.06684
10,-28.18613,96.79245,-100.43659,0.00045,63.9993,-43.05155
10.25,-26.1407,95.64169,-99.08534,0.00008,63.89275,-43.98051
10.5,-24.18069,94.5389,-97.77047,-0.00044,63.79064,-44.8508
10.75,-22.31188,93.48776,-96.49649,-0.00031,63.69331,-45.65963
11,-20.54127,92.49197,-95.26787,0.00002,63.60111,-46.40415
11.25,-18.87598,91.55523,-94.0891,-0.00002,63.51437,-47.08153
11.5,-17.32212,90.6812,-92.96477,0.00002,63.43344,-47.68905
11.75,-15.88598,89.8736,-91.89954,0.00042,63.35867,-48.22407
12,-14.57487,89.1361,-90.8981,0.00043,63.29038,-48.68397
12.25,-13.39562,88.47241,-89.9653,-0.00023,63.22893,-49.06627
12.5,-12.36044,87.88619,-89.10758,-0.0072,63.17465,-49.37012
12.75,-11.54661,87.38107,-88.34433,-0.09137,63.12788,-49.60776
13,-11.15394,86.96016,-87.71854,-0.44699,63.0889,-49.81601
13.25,-11.61761,86.62523,-87.31924,-1.50608,63.05789,-50.08035
13.5,-13.66482,86.37398,-87.27412,-3.98664,63.03473,-50.54527
13.75,-18.08106,86.19563,-87.66803,-8.64053,63.01883,-51.36535
14,-25.13367,86.06839,-88.41059,-15.66588,63.00904,-52.5925
14.25,-34.11127,85.95725,-89.10095,-24.20974,63.00375,-54.08308
14.5,-43.43355,85.82452,-89.1641,-32.5452,63.00131,-55.53577
14.75,-51.33058,85.65076,-88.24521,-38.92224,63.00037,-56.65614
15,-56.51442,85.45086,-86.54986,-42.38351,63.00007,-57.31003
15.25,-58.44041,85.26513,-84.74856,-42.93266,63.00001,-57.54862
15.5,-57.22612,85.12903,-83.49966,-41.14653,63,-57.52343
15.75,-53.41012,85.05085,-83.0603,-37.70619,63,-57.38485
16,-47.69477,85.01573,-83.29627,-33.1817,63,-57.2345
16.25,-40.71672,85.00339,-83.9205,-27.99062,63,-57.11966
16.5,-32.9334,85,-84.67717,-22.41353,63,-57.04829
16.75,-24.63348,85,-85.40139,-16.63102,63,-57.01028
17,-16.02197,85,-85.96541,-10.75131,63,-56.99252
17.25,-7.22678,85,-86.3074,-4.83175,63,-56.98549
17.5,1.64784,85,-86.39169,1.10084,63,-56.98432
17.75,10.50909,85,-86.20876,7.03421,63,-56.98758
18,19.27182,85,-85.77299,12.96067,63,-56.99579
18.25,27.85907,85,-85.11646,18.87042,63,-57.00837
18.5,36.19898,85,-84.27453,24.74256,63,-57.0152
18.75,44.21398,85,-83.2597,30.53033,63,-56.9782
19,51.80128,85,-82.02639,36.14016,63,-56.80478
19.25,58.81429,85,-80.44184,41.41339,63,-56.32703
19.5,65.06468,85,-78.28903,46.13137,63,-55.31128
19.75,70.36368,85,-75.31995,50.06209,63,-53.51454
20,74.59561,85,-71.34366,53.0417,63,-50.7716
20.25,77.78211,85,-66.30002,55.04791,63,-47.0636
20.5,80.08876,85,-60.27222,56.21548,63,-42.52228
20.75,81.76293,85,-53.43512,56.78049,63,-37.36869
21,83.04168,85,-45.98076,56.99073,63,-31.82976
21.25,84.08434,85,-38.06757,57.03631,63,-26.08096
21.5,84.9568,85,-29.80942,57.028,63,-20.2317
21.75,85.65589,85,-21.29024,57.01326,63,-14.33927
22,86.14657,85,-12.5832,57.00448,63,-8.42977
22.25,86.39206,85,-3.7627,57.00106,63,-2.51407
22.5,86.37129,85,5.09236,57.00078,63,3.40311
22.75,86.08547,85,13.90123,57.0034,63,9.31847
23,85.55737,85,22.58604,57.01013,63,15.22693
23.25,84.82307,85,31.07379,57.0191,63,21.11652
23.5,83.91334,85,39.29193,57.01304,63,26.95846
23.75,82.82314,85,47.15449,56.93681,63,32.69001
24,81.47609,85,54.54195,56.67067,63,38.19323
24.25,79.70444,85,61.28831,56.01807,63,43.28315
24.5,77.27028,85,67.19707,54.73245,63,47.72751
24.75,73.93611,85,72.09762,52.58957,63,51.30963
25,69.55423,85,75.92121,49.47422,63,53.91306
25.25,64.12115,85,78.74759,45.42811,63,55.57759
25.5,57.76324,85,80.78363,40.62643,63,56.48607
25.75,50.67019,85,82.28324,35.30171,63,56.88946
26,43.02514,85,83.45912,29.66583,63,57.01931
26.25,34.96916,85,84.43419,23.86893,63,57.03556
26.5,26.6025,85,85.24394,17.9983,63,57.02186
26.75,18.00304,85,85.8689,12.0971,63,57.00919
27,9.24356,85,86.2705,6.18418,63,57.003
27.25,0.4002,85,86.41652,0.26734,63,57.00122
27.5,-8.44691,85,86.2939,-5.64966,63,57.00212
27.75,-17.21763,85,85.91245,-11.56326,63,57.00619
28,-25.83599,85,85.30147,-17.46659,63,57.01436
28.25,-34.23024,85,84.49795,-23.34288,63,57.02098
28.5,-42.32493,85,83.52321,-29.15288,63,56.99753
28.75,-50.0238,85,82.349,-34.81535,63,56.86724
29,-57.19012,85,80.86488,-40.18708,63,56.48099
29.25,-63.64216,85,78.87115,-45.06041,63,55.61744
29.5,-69.18449,85,76.1198,-49.19941,63,54.02824
29.75,-73.67651,85,72.39779,-52.4157,63,51.5214
30,-77.10352,85,67.60934,-54.64877,63,48.03938
30.25,-79.60012,85,61.80562,-55.99846,63,43.68107
30.5,-81.40246,85,55.14598,-56.68443,63,38.65355
30.75,-82.75803,85,47.82424,-56.95962,63,33.18901
31,-83.84829,85,40.00934,-57.03186,63,27.47821
31.25,-84.76036,85,31.8253,-57.0305,63,21.64597
31.5,-85.50419,85,23.3616,-57.01562,63,15.76033
31.75,-86.04915,85,14.69268,-57.00559,63,9.85327
32,-86.35679,85,5.89215,-57.0015,63,3.9383
32.25,-86.40103,85.00011,-2.96149,-57.00064,63.00011,-1.97839
32.5,-86.17639,85.00097,-11.78259,-57.00045,63.00097,-7.88939
32.75,-85.69794,85.00498,-20.47097,-56.99633,63.00498,-13.77264
33,-84.99441,85.01868,-28.88866,-56.97394,63.01868,-19.56519
33.25,-84.09694,85.05598,-36.81319,-56.89643,63.05598,-25.11873
33.5,-83.02481,85.14005,-43.88599,-56.68984,63.14005,-30.15285
33.75,-81.77482,85.30014,-49.6015,-56.23737,63.30014,-34.24484
34,-80.32097,85.56048,-53.40037,-55.39685,63.56048,-36.91025
34.25,-78.62517,85.92436,-54.88942,-54.04482,63.92436,-37.79182
34.5,-76.65193,86.36297,-54.09789,-52.12913,64.36297,-36.87668
34.75,-74.37593,86.81992,-51.59598,-49.69583,64.81992,-34.59245
35,-71.78216,87.23193,-48.34399,-46.87006,65.23193,-31.67784
35.25,-68.86562,87.55358,-45.32958,-43.80345,65.55358,-28.88648
35.5,-65.63383,87.77082,-43.21916,-40.62278,65.77082,-26.71414
35.75,-62.10861,87.89742,-42.2209,-37.4064,65.89742,-25.30298
36,-58.31883,87.96067,-42.18839,-34.18916,65.96067,-24.53184
36.25,-54.28726,87.98742,-42.82878,-30.97985,65.98742,-24.17858
36.5,-50.01948,87.99679,-43.86844,-27.77694,65.99679,-24.0434
36.75,-45.50017,87.9994,-45.11936,-24.57708,65.9994,-23.99649
37,-40.69795,87.99994,-46.46754,-21.37783,65.99994,-23.96989
37.25,-35.57305,88,-47.8359,-18.17733,66,-23.93265
37.5,-30.0863,88,-49.1558,-14.97322,66,-23.87281
37.75,-24.20999,88.00001,-50.35656,-11.7623,66.00001,-23.79187
38,-17.94251,88.00001,-51.36857,-8.54118,66.00001,-23.7062
38.25,-11.32583,88.00002,-52.12751,-5.30805,66.00002,-23.64239
38.5,-4.45763,88.00002,-52.57703,-2.06464,66.00002,-23.62462
38.75,2.51582,88.00002,-52.67398,1.18343,66.00002,-23.66052
39,9.42683,88.00002,-52.39629,4.42846,66.00002,-23.73549
39.25,16.12315,88.00001,-51.7553,7.66402,66.00001,-23.82262
39.5,22.49652,88.00001,-50.79982,10.88734,66.00001,-23.89766
39.75,28.49006,88.00001,-49.60826,14.09946,66.00001,-23.94885
40,34.09151,88.00001,-48.27204,17.30344,66.00001,-23.97732
40.25,39.3185,88,-46.87617,20.50182,66,-23.98994
40.5,44.20394,88,-45.48961,23.694,66,-23.99458
40.75,48.77972,88,-44.16654,26.87097,66,-24.00019
41,53.05353,87.99999,-42.96259,30.00309,65.99999,-24.02396
41.25,56.97173,87.99998,-41.96858,33.01568,65.99998,-24.10881
41.5,60.37009,87.99997,-41.35237,35.75448,65.99997,-24.345
41.75,62.93673,87.99997,-41.38406,37.9604,65.99997,-24.88313
42,64.23602,87.99998,-42.39695,39.2906,65.99998,-25.91044
42.25,63.84629,87.99999,-44.64316,39.42216,65.99999,-27.56633
42.5,61.59621,88,-48.07943,38.21948,66,-29.81496
42.75,57.78072,88.00001,-52.21334,35.87296,66.00001,-32.34956
43,53.17458,88.00001,-56.17224,32.89,66.00001,-34.62905
43.25,48.7764,88,-59.01035,29.91064,66,-36.06583
43.5,45.41726,87.99999,-60.07671,27.453,65.99999,-36.26266
43.75,43.48411,87.99998,-59.20923,25.74986,65.99998,-35.14771
44,42.90657,87.99998,-56.66046,24.75479,65.99998,-32.93493
44.25,43.34657,87.99999,-52.86437,24.26702,65.99999,-29.97049
44.5,44.42112,88,-48.21572,24.0684,66,-26.57987
44.75,45.82886,88.00001,-42.96343,23.99906,66.00001,-22.98913
45,47.3714,88.00001,-37.21216,23.97271,66.00001,-19.32134
45.25,48.91497,88.00001,-30.98109,23.95675,66.00001,-15.62974
45.5,50.34948,88,-24.27385,23.94964,66,-11.93494
45.75,51.56529,88,-17.13529,23.96163,66,-8.25012
46,52.4529,87.99999,-9.68088,23.99938,65.99999,-4.59221
46.25,52.91901,87.99999,-2.09452,24.05618,65.99999,-0.98382
46.5,52.90815,87.99999,5.40821,24.11085,65.99999,2.55237
46.75,52.42429,87.99999,12.63229,24.1412,65.99999,6.00246
47,51.53286,88,19.44395,24.13768,66,9.36706
47.25,50.34304,87.99999,25.78305,24.10811,65.99999,12.66046
47.5,48.97677,87.99999,31.64922,24.06969,65.99999,15.90399
47.75,47.53998,87.99999,37.07881,24.03667,65.99999,19.11779
48,46.10995,88,42.12345,24.01505,66,22.31528
48.25,44.73864,88,46.83324,24.00548,66,25.49911
48.5,43.46972,88.00001,51.23851,24.01293,66.00001,28.65413
48.75,42.36745,88.00002,55.32232,24.06141,66.00002,31.73078
49,41.55795,88.00001,58.97723,24.21552,66.00001,34.61501
49.25,41.26398,88.00001,61.96116,24.59803,66.00001,37.09694
49.5,41.79985,88,63.88772,25.38546,66,38.86608
49.75,43.474,87.99999,64.31003,26.75041,65.99999,39.57624
50,46.39591,87.99999,62.91845,28.74751,65.99999,38.98935
50.25,50.27697,88,59.78233,31.19226,66,37.13914
50.5,54.38913,88.00002,55.46849,33.63146,66.00002,34.39688
50.75,57.77877,88.00003,50.90306,35.47127,66.00003,31.3619
51,59.63463,88.00004,47.02164,36.21003,66.00004,28.62544
51.25,59.57824,88.00003,44.42247,35.63238,66.00003,26.55555
51.5,57.70295,88.00001,43.23399,33.84437,66.00001,25.22783
51.75,54.39003,88,43.22475,31.15537,66,24.50388
52,50.06679,87.99999,44.02303,27.91283,65.99999,24.16918
52.25,45.04722,88,45.28838,24.38806,66,24.0365
52.5,39.49249,88.00001,46.77715,20.74456,66.00001,23.98702
52.75,33.45103,88.00002,48.32761,17.0602,66.00002,23.96504
53,26.92704,88.00003,49.81945,13.36533,66.00003,23.95675
53.25,19.94458,88.00003,51.14424,9.67346,66.00003,23.97116
53.5,12.58944,88.00002,52.19467,5.99787,66.00002,24.02168
53.75,5.02043,88.00001,52.87418,2.35681,66.00001,24.11266
54,-2.55428,88,53.11256,-1.22869,66,24.22977
54.25,-9.92665,88,52.88657,-4.74223,66,24.34594
54.5,-16.93713,88.00001,52.22961,-8.17876,66.00001,24.43599
54.75,-23.49885,88.00002,51.22383,-11.54631,66.00002,24.48887
55,-29.59153,88.00003,49.97914,-14.86194,66.00003,24.51019
55.25,-35.23934,88.00003,48.60475,-18.14435,66.00003,24.51278
55.5,-40.48774,88.00003,47.19135,-21.4077,66.00003,24.50855
55.75,-45.38449,88.00003,45.80628,-24.65651,66.00003,24.50543
56,-49.96163,88.00003,44.50436,-27.87853,66.00003,24.51307
56.25,-54.20852,88.00002,43.3537,-31.029,66.00002,24.55582
56.5,-58.02946,88.00002,42.47552,-34.00156,66.00002,24.69373
56.75,-61.19795,88.00001,42.08175,-36.59616,66.00001,25.04199
57,-63.34103,88,42.47585,-38.50975,66,25.76972
57.25,-64.01181,87.99999,43.96772,-39.39288,65.99999,27.04931
57.5,-62.87727,87.99999,46.68976,-38.98696,65.99999,28.94766
57.75,-59.96137,87.99999,50.39697,-37.29118,65.99999,31.30527
58,-55.78312,88,54.40653,-34.6437,66,33.69598
58.25,-51.24513,88,57.78684,-31.63054,66,35.54017
58.5,-47.29812,88,59.7135,-28.85635,66,36.3292
58.75,-44.58391,88,59.7697,-26.71958,66,35.82421
59,-43.27741,88,58.00939,-25.32565,66,34.10599
59.25,-43.17609,88,54.79093,-24.55306,66,31.46856
59.5,-43.91513,88,50.53846,-24.18993,66,28.25677
59.75,-45.14713,88.00001,45.57469,-24.04295,66.00001,24.74744
60,-46.61705,88.00001,40.07123,-23.98388,66.00001,21.11098
60.25,-48.15197,88.00001,34.08147,-23.94649,66.00001,17.4298
60.5,-49.62135,88,27.6034,-23.90636,66,13.73381
60.75,-50.90691,87.99999,20.63947,-23.86329,65.99999,10.03032
61,-51.89372,87.99998,13.23869,-23.82851,65.99998,6.32003
61.25,-52.4812,87.99997,5.51672,-23.81524,65.99997,2.60374
61.5,-52.59998,87.99998,-2.34924,-23.82885,65.99998,-1.1155
61.75,-52.23072,87.99999,-10.15222,-23.86384,65.99999,-4.83336
62,-51.41118,88,-17.69958,-23.90692,66,-8.54596
62.25,-50.22953,88.00001,-24.84983,-23.94527,66.00001,-12.25127
62.5,-48.80304,88.00001,-31.5283,-23.97197,66.00001,-15.94892
62.75,-47.25159,88.00007,-37.71992,-23.98601,66.00007,-19.6377
63,-45.67573,88.00045,-43.44851,-23.98822,66.00045,-23.31146
63.25,-44.14089,88.00206,-48.75136,-23.97361,66.00206,-26.95242
63.5,-42.66968,88.00751,-53.65601,-23.92397,66.00751,-30.52328
63.75,-41.2295,88.02284,-58.16435,-23.79507,66.02284,-33.95985
64,-39.70585,88.06007,-62.24914,-23.49614,66.06007,-37.16991
64.25,-37.83734,88.13897,-65.85996,-22.84911,66.13897,-40.03978
64.5,-35.13265,88.28598,-68.92323,-21.53981,66.28598,-42.44455
64.75,-30.79791,88.52736,-71.31399,-19.0787,66.52736,-44.24512
65,-23.79995,88.87525,-72.76334,-14.84809,66.87525,-45.25489
65.25,-13.24237,89.31187,-72.72401,-8.33388,67.31187,-45.17725
65.5,0.98643,89.78457,-70.31208,0.48464,67.78457,-43.55829
65.75,17.70929,90.22203,-64.44936,10.83498,68.22203,-39.82497
66,34.58488,90.56515,-54.22567,21.23898,68.56515,-33.45897
66.25,48.87208,90.79138,-39.35724,30.00013,68.79138,-24.27424
66.5,58.29815,90.91576,-20.53903,35.74946,68.91576,-12.67022
66.75,61.49579,90.97221,0.50416,37.6946,68.97221,0.30192
67,57.97363,90.99297,21.3575,35.55701,68.99297,13.14173
67.25,47.94985,90.99884,39.51719,29.44842,68.99884,24.28896
67.5,32.32594,90.99993,52.9402,19.88141,68.99993,32.49087
67.75,12.75748,91,60.29776,7.85228,69,36.96601
68,-8.4347,91,60.94136,-5.20189,69,37.35257
68.25,-28.65787,91,54.79346,-17.66859,69,33.59893
68.5,-45.64236,91,42.37614,-28.16151,69,25.96958
68.75,-57.9533,91,24.97996,-35.85259,69,15.18053
69,-65.19436,91,4.74526,-40.56985,69,2.49172
69.25,-67.89244,91,-15.63371,-42.65624,69,-10.44699
69.5,-67.16479,91,-33.62355,-42.71217,69,-22.01831
69.75,-64.29005,91,-47.62187,-41.36379,69,-31.11616
70,-60.33084,91,-57.29372,-39.12896,69,-37.39863
70.25,-55.94923,91,-63.31533,-36.37783,69,-41.19715
70.5,-51.44052,91,-66.79952,-33.34825,69,-43.19584
70.75,-46.87759,91,-68.79294,-30.17958,69,-44.09968
71,-42.24041,91,-70.03461,-26.94431,69,-44.4393
71.25,-37.48478,91,-70.93732,-23.67158,69,-44.52937
71.5,-32.56608,91,-71.67808,-20.36238,69,-44.51723
71.75,-27.44017,91,-72.30597,-16.99973,69,-44.45522
72,-22.06347,91,-72.81912,-13.55777,69,-44.35907
72.25,-16.40524,91,-73.20651,-10.01325,69,-44.24235
72.5,-10.47015,91,-73.46465,-6.35926,69,-44.1295
72.75,-4.31846,91,-73.59872,-2.61581,69,-44.05197
73,1.93365,91,-73.6163,1.16995,69,-44.03501
73.25,8.14066,91,-73.52016,4.93672,69,-44.08447
73.5,14.17022,91,-73.30624,8.62957,69,-44.18365
73.75,19.93854,91,-72.96816,12.21709,69,-44.30229
74,25.42098,91,-72.50503,15.69665,69,-44.41142
74.25,30.63755,91,-71.92707,19.08714,69,-44.49451
74.5,35.62659,91,-71.25471,22.41492,69,-44.54873
74.75,40.42072,91,-70.51023,25.69909,69,-44.57635
75,45.02992,91,-69.70265,28.93823,69,-44.56909
75.25,49.43027,91,-68.80891,32.09814,69,-44.48987
75.5,53.55742,91,-67.75797,35.10259,69,-44.25849
75.75,57.31087,91,-66.42981,37.83518,69,-43.75283
76,60.57732,91,-64.68058,40.16232,69,-42.83524
76.25,63.27243,91,-62.39025,41.97669,69,-41.39988
76.5,65.38221,91,-59.50921,43.24199,69,-39.41712
76.75,66.97774,91,-56.07463,44.01113,69,-36.94664
77,68.19068,91,-52.18642,44.40452,69,-34.11015
77.25,69.16432,91,-47.96084,44.56217,69,-31.04261
77.5,70.00925,91,-43.49009,44.59894,69,-27.85108
77.75,70.78405,91,-38.8243,44.58377,69,-24.59769
78,71.50088,91,-33.97311,44.54361,69,-21.30326
78.25,72.14363,91,-28.91599,44.48042,69,-17.95973
78.5,72.68688,91,-23.61615,44.39002,69,-14.54368
78.75,73.11006,91,-18.03943,44.27662,69,-11.02997
79,73.40452,91,-12.17925,44.15942,69,-7.40619
79.25,73.57298,91,-6.07982,44.06867,69,-3.68463
79.5,73.62307,91,0.15677,44.03288,69,0.09434
79.75,73.55943,91,6.38986,44.06429,69,3.87182
80,73.37968,91,12.47983,44.15216,69,7.58946
80.25,73.07733,91,18.32713,44.26857,69,11.20825
80.5,72.64918,91,23.89071,44.38276,69,14.71755
80.75,72.10204,91,29.17981,44.47403,69,18.13108
81,71.45402,91,34.22997,44.53616,69,21.4744
81.25,70.72811,91,39.07744,44.57132,69,24.7701
81.5,69.93893,91,43.7401,44.57607,69,28.02395
81.75,69.07453,91,48.2046,44.52336,69,31.21224
82,68.07854,91,52.41817,44.34604,69,34.27108
82.25,66.84358,91,56.28909,43.93241,69,37.09416
82.5,65.22842,91,59.70421,43.14507,69,39.54918
82.75,63.10091,91,62.56646,41.86396,69,41.51653
83,60.38801,91,64.83889,40.0347,69,42.93634
83.25,57.10284,91,66.56914,37.69259,69,43.83658
83.5,53.33154,91,67.87598,34.94609,69,44.32258
83.75,49.19054,91,68.90455,31.93134,69,44.53394
84,44.78186,91,69.77794,28.76632,69,44.59601
84.25,40.16829,91,70.56979,25.52636,69,44.59128
84.5,35.37019,91,71.30389,22.243,69,44.55724
84.75,30.37434,91,71.97015,18.915,69,44.50098
85,25.14702,91,72.54414,15.52201,69,44.41837
85.25,19.65123,91,73.00287,12.03806,69,44.31021
85.5,13.86992,91,73.33405,8.44572,69,44.19137
85.75,7.83091,91,73.53759,4.74927,69,44.08991
86,1.62017,91,73.62051,0.98122,69,44.03636
86.25,-4.62934,91,73.58896,-2.80324,69,44.04873
86.5,-10.77298,91,73.44264,-6.54331,69,44.12279
86.75,-16.69639,91,73.17565,-10.19277,69,44.23434
87,-22.34143,91,72.78306,-13.73267,69,44.35189
87.25,-27.70524,91,72.26838,-17.17089,69,44.45095
87.5,-32.81881,91,71.64676,-20.53122,69,44.52134
87.75,-37.72046,91,70.94088,-23.83856,69,44.56395
88,-42.43479,91,70.16946,-27.10476,69,44.57871
88.25,-46.95849,91,69.33008,-30.31582,69,44.54718
88.5,-51.25075,91,68.38034,-33.42026,69,44.41482
88.75,-55.23023,91,67.22675,-36.32328,69,44.08182
89,-58.78675,91,65.73428,-38.89686,69,43.41454
89.25,-61.81369,91,63.76288,-41.01262,69,42.28274
89.5,-64.25288,91,61.21845,-42.58926,69,40.60932
89.75,-66.12748,91,58.08924,-43.62904,69,38.40405
90,-67.53976,91,54.44436,-44.2188,69,35.7586
90.25,-68.63289,91,50.39671,-44.49382,69,32.80656
90.5,-69.54029,91,46.05593,-44.58765,69,29.67463
90.75,-70.35082,91,41.49696,-44.59625,69,26.45115
91,-71.10125,91,36.75166,-44.56888,69,23.17927
91.25,-71.78899,91,31.81534,-44.51927,69,19.8658
91.5,-72.39179,91,26.6586,-44.44457,69,16.49446
91.75,-72.88502,91,21.24289,-44.34289,69,13.03923
92,-73.25292,91,15.54231,-44.22472,69,9.47847
92.25,-73.4922,91,9.56959,-44.11508,69,5.8091
92.5,-73.60862,91,3.39453,-44.04528,69,2.05585
92.75,-73.60935,91,-2.85974,-44.0383,69,-1.73073
93,-73.49614,91,-9.04698,-44.09658,69,-5.489
93.25,-73.26426,91,-15.04057,-44.20066,69,-9.16683
93.5,-72.90771,91.00008,-20.7655,-44.31956,69.00008,-12.73703
93.75,-72.4267,91.00087,-26.20375,-44.42513,69.00087,-16.19972
94,-71.83127,91.00496,-31.3751,-44.50062,69.00496,-19.57186
94.25,-71.13661,91.01994,-36.30673,-44.53746,69.01994,-22.8692
94.5,-70.34936,91.06305,-41.00499,-44.52101,69.06305,-26.08664
94.75,-69.44868,91.16509,-45.43601,-44.41124,69.16509,-29.1814
95,-68.37029,91.36838,-49.51968,-44.12819,69.36838,-32.06474
95.25,-67.00599,91.71385,-53.14306,-43.55454,69.71385,-34.61115
95.5,-65.22893,92.2181,-56.19654,-42.56418,70.2181,-36.69146
95.75,-62.94029,92.85259,-58.62268,-41.07018,70.85259,-38.22182
96,-60.11351,93.54222,-60.45191,-39.06663,71.54222,-39.20358
96.25,-56.80635,94.19024,-61.80063,-36.63576,72.19024,-39.72752
96.5,-53.13118,94.71661,-62.83034,-33.91314,72.71661,-39.93783
96.75,-49.20242,95.08578,-63.69301,-31.03329,73.08578,-39.97873
97,-45.08945,95.30862,-64.4937,-28.08549,73.30862,-39.95518
97.25,-40.78701,95.42352,-65.28383,-25.09333,73.42352,-39.92263
97.5,-36.19928,95.47315,-66.07534,-22.01139,73.47315,-39.8993
97.75,-31.13698,95.49024,-66.85671,-18.73203,73.49024,-39.88477
98,-25.34974,95.49433,-67.59802,-15.10997,73.49433,-39.87403
98.25,-18.62329,95.4951,-68.24606,-11.01912,73.4951,-39.86413
98.5,-10.92771,95.49642,-68.72493,-6.43352,73.49642,-39.85557
98.75,-2.52855,95.49909,-68.95647,-1.48564,73.49909,-39.85069
99,6.0463,95.50219,-68.89544,3.55276,73.50219,-39.85134
99.25,14.20034,95.50435,-68.55405,8.37388,73.50435,-39.85723
99.5,21.50569,95.50485,-67.99464,12.75932,73.50485,-39.86584
99.75,27.82784,95.50397,-67.29625,16.64601,73.50397,-39.87329
100,33.28149,95.50247,-66.52092,20.10258,73.50247,-39.87373
100.25,38.08783,95.50102,-65.69701,23.25102,73.50102,-39.85527
100.5,42.44365,95.49987,-64.8168,26.1919,73.49987,-39.79161
100.75,46.4585,95.49904,-63.83672,28.965,73.49904,-39.63231
101,50.15207,95.49856,-62.67793,31.54494,73.49856,-39.29789
101.25,53.48236,95.49852,-61.23593,33.8591,73.49852,-38.68812
101.5,56.38492,95.499,-59.40572,35.81887,73.499,-37.70684
101.75,58.81284,95.49986,-57.115,37.35663,73.49986,-36.29477
102,60.76724,95.50075,-54.34785,38.45602,73.50075,-34.45223
102.25,62.3065,95.50129,-51.1428,39.16161,73.50129,-32.23677
102.5,63.52962,95.50124,-47.56636,39.56263,73.50124,-29.73674
102.75,64.5445,95.5006,-43.67367,39.76146,73.5006,-27.03421
103,65.43956,95.49945,-39.46757,39.84531,73.49945,-24.17088
103.25,66.26986,95.49796,-34.86494,39.87295,73.49796,-21.12528
103.5,67.05502,95.49643,-29.68609,39.87648,73.49643,-17.80867
103.75,67.77906,95.49544,-23.69711,39.87056,73.49544,-14.09339
104,68.39018,95.49563,-16.72652,39.86168,73.49563,-9.88096
104.25,68.81132,95.49725,-8.81877,39.85389,73.49725,-5.18725
104.5,68.96951,95.49989,-0.31973,39.85031,73.49989,-0.18821
104.75,68.83274,95.50252,8.20042,39.85243,73.50252,4.82178
105,68.42799,95.50412,16.16698,39.85933,73.50412,9.54641
105.25,67.82547,95.5043,23.22173,39.86806,73.5043,13.80405
105.5,67.10254,95.50341,29.30379,39.87441,73.50341,17.57064
105.75,66.31347,95.5021,34.56976,39.87157,73.5021,20.93653
106,65.47734,95.50088,39.24454,39.84486,73.50088,24.02408
106.25,64.57723,95.4999,43.50564,39.76261,73.4999,26.92041
106.5,63.56018,95.49919,47.43839,39.56698,73.49919,29.64808
106.75,62.33912,95.49876,51.04369,39.17164,73.49876,32.1675
107,60.80645,95.49876,54.27013,38.47449,73.49876,34.39879
107.25,58.86255,95.49926,57.05409,37.38589,73.49926,36.25522
107.5,56.4484,95.50013,59.35845,35.86063,73.50013,37.67984
107.75,53.56361,95.50103,61.19886,33.9152,73.50103,38.67187
108,50.25719,95.50159,62.64653,31.61828,73.50159,39.2897
108.25,46.59668,95.50158,63.80603,29.06019,73.50158,39.62919
108.5,42.62734,95.50095,64.78262,26.31539,73.50095,39.79114
108.75,38.33233,95.49979,65.65699,23.41077,73.49979,39.85608
109,33.60307,95.49822,66.47511,20.30684,73.49822,39.87531
109.25,28.239,95.49656,67.24757,16.90055,73.49656,39.87548
109.5,22.00841,95.49546,67.94899,13.06385,73.49546,39.86835
109.75,14.78121,95.49571,68.51931,8.72003,73.49571,39.85941
110,6.67661,95.49764,68.87904,3.92472,73.49764,39.85246
110.25,-1.8873,95.50063,68.96244,-1.10791,73.50063,39.8503
110.5,-10.31505,95.50336,68.75218,-6.07022,73.50336,39.85383
110.75,-18.07021,95.50469,68.28908,-10.68622,73.50469,39.86153
111,-24.87031,95.50441,67.64884,-14.81439,73.50441,39.8701
111.25,-30.72282,95.50311,66.9051,-18.46685,73.50311,39.87491
111.5,-35.81625,95.50154,66.10354,-21.75028,73.50154,39.86782
111.75,-40.37177,95.50019,65.25393,-24.78308,73.50019,39.83075
112,-44.54481,95.4992,64.33023,-27.63707,73.4992,39.72613
112.25,-48.39658,95.49859,63.27041,-30.31745,73.49859,39.4886
112.5,-51.91068,95.49838,61.98035,-32.77145,73.49838,39.02597
112.75,-55.02873,95.49864,60.3512,-34.91397,73.49864,38.23609
113,-57.69089,95.49933,58.29052,-36.66281,73.49933,37.03772
113.25,-59.87218,95.5002,55.75323,-37.97387,73.5002,35.40056
113.5,-61.60342,95.5009,52.75349,-38.86239,73.5009,33.3564
113.75,-62.96701,95.50113,49.34891,-39.39908,73.50113,30.98313
114,-64.07053,95.50077,45.60563,-39.684,73.50077,28.37075
114.25,-65.01473,95.49986,41.55661,-39.81455,73.49986,25.58417
114.5,-65.87183,95.49851,37.16359,-39.86398,73.49851,22.63438
114.75,-66.67871,95.49698,32.29278,-39.87653,73.49698,19.46426
115,-67.43682,95.4957,26.72712,-39.87406,73.4957,15.95923
115.25,-68.11141,95.49529,20.24628,-39.86604,73.49529,11.99614
115.5,-68.63524,95.49625,12.77158,-39.85728,73.49625,7.52545
115.75,-68.92877,95.49851,4.50019,-39.85133,73.49851,2.64418
116,-68.93606,95.50129,-4.08602,-39.85065,73.50129,-2.39978
116.25,-68.65518,95.50366,-12.3825,-39.85539,73.50366,-7.29406
116.5,-68.13831,95.50576,-19.90419,-39.86275,73.50576,-11.78964
116.75,-67.4608,95.51061,-26.44611,-39.86627,73.51061,-15.78534
117,-66.68145,95.52676,-32.07471,-39.85261,73.52676,-19.32221
117.25,-65.81606,95.57132,-36.99494,-39.79354,73.57132,-22.5094
117.5,-64.82806,95.67144,-41.40508,-39.6344,73.67144,-25.44038
117.75,-63.6301,95.86038,-45.4145,-39.28557,73.86038,-28.14236
118,-62.09613,96.16512,-49.03358,-38.62758,74.16512,-30.56994
118.25,-60.08977,96.58881,-52.21118,-37.53694,74.58881,-32.63418
118.5,-57.50641,97.0984,-54.89122,-35.92752,75.0984,-34.25103
118.75,-54.31064,97.62937,-57.06238,-33.7869,75.62937,-35.38762
119,-50.54638,98.10869,-58.77889,-31.18443,76.10869,-36.08368
119.25,-46.3113,98.48324,-60.14524,-28.24352,76.48324,-36.43768
119.5,-41.71041,98.73605,-61.27659,-25.09405,76.73605,-36.56796
119.75,-36.81466,98.88287,-62.25974,-21.8316,76.88287,-36.57338
120,-31.64269,98.95568,-63.13492,-18.50056,76.95568,-36.51441
120.25,-26.16876,98.98611,-63.90156,-15.10142,76.98611,-36.41879
120.5,-20.3508,98.99658,-64.5371,-11.61231,76.99658,-36.30073
120.75,-14.16989,98.9994,-65.01551,-8.01429,76.9994,-36.17852
121,-7.66745,98.99995,-65.31777,-4.31163,76.99995,-36.07976
121.25,-0.9616,99,-65.43431,-0.54008,77,-36.03298
121.5,5.77195,99,-65.36295,3.24104,77,-36.05337
121.75,12.34902,99,-65.10669,6.96897,77,-36.1341
122,18.63036,99,-64.67369,10.59904,77,-36.24991
122.25,24.54931,99,-64.07846,14.11527,77,-36.36945
122.5,30.10193,99,-63.34025,17.52391,77,-36.46524
122.75,35.31093,99,-62.47344,20.83306,77,-36.51111
123,40.18538,99,-61.46872,24.02723,77,-36.46602
123.25,44.694,99,-60.27219,27.04764,77,-36.25459
123.5,48.76215,99,-58.77801,29.78967,77,-35.76168
123.75,52.29565,99,-56.84885,32.12555,77,-34.85468
124,55.22441,99,-54.36229,33.94933,77,-33.42966
124.25,57.54457,99,-51.2589,35.22334,77,-31.45626
124.5,59.33228,99,-47.56163,35.9976,77,-28.99194
124.75,60.71787,99,-43.35372,36.38839,77,-26.15468
125,61.83617,99,-38.73143,36.53033,77,-23.07276
125.25,62.78359,99,-33.76058,36.53268,77,-19.8414
125.5,63.6029,99,-28.45876,36.46228,77,-16.50586
125.75,64.29454,99,-22.80701,36.35355,77,-13.0708
126,64.83894,99,-16.78417,36.22951,77,-9.5245
126.25,65.21505,99,-10.4092,36.11668,77,-5.86503
126.5,65.40916,99,-3.77115,36.04504,77,-2.11713
126.75,65.41584,99,2.97256,36.03675,77,1.66709
127,65.23588,99,9.63415,36.09438,77,5.42334
127.25,64.87513,99,16.05037,36.1992,77,9.09732
127.5,64.34543,99,22.12341,36.32082,77,12.66087
127.75,63.66462,99,27.8264,36.4296,77,16.11277
128,62.85085,99,33.17611,36.50005,77,19.46343
128.25,61.90728,99,38.19167,36.49982,77,22.7102
128.5,60.80068,99,42.86043,36.3697,77,25.81385
128.75,59.44621,99,47.12418,36.01015,77,28.68748
129,57.71521,99,50.89209,35.29122,77,31.20829
129.25,55.47265,99,54.07817,34.09079,77,33.255
129.5,52.62838,99,56.64722,32.34391,77,34.75711
129.75,49.17148,99,58.6431,30.07259,77,35.72844
130,45.16499,99,60.17888,27.37503,77,36.26258
130.25,40.70572,99,61.39384,24.3814,77,36.49277
130.5,35.87594,99,62.4042,21.20436,77,36.54277
130.75,30.7134,99,63.27503,17.91012,77,36.49726
131,25.21109,99,64.02189,14.51776,77,36.40175
131.25,19.34355,99,64.63071,11.01897,77,36.28141
131.5,13.10816,99,65.07934,7.40495,77,36.16032
131.75,6.5631,99,65.35053,3.68839,77,36.06801
132,-0.15954,99,65.43569,-0.0887,77,36.03167
132.25,-6.87792,99,65.33334,-3.86432,77,36.06306
132.5,-13.4121,99,65.04718,-7.57742,77,36.15167
132.75,-19.63442,99,64.58632,-11.18803,77,36.27029
133,-25.49066,99,63.96623,-14.68501,77,36.38771
133.25,-30.98435,99,63.20616,-18.0767,77,36.47721
133.5,-36.13852,99,62.31802,-21.36906,77,36.51152
133.75,-40.95673,99,61.28648,-24.54041,77,36.44517
134,-45.39971,99,60.04897,-27.52378,77,36.19596
134.25,-49.38686,99,58.49221,-30.20815,77,35.64345
134.5,-52.82434,99,56.47769,-32.4656,77,34.65619
134.75,-55.65053,99,53.89059,-34.19864,77,33.13982
135,-57.87507,99,50.6851,-35.38398,77,31.07888
135.25,-59.58603,99,46.89688,-36.08531,77,28.54388
135.5,-60.91826,99,42.61491,-36.42564,77,25.6582
135.75,-62.00271,99,37.93268,-36.53792,77,22.54693
136,-62.92715,99,32.9082,-36.52469,77,19.2972
136.25,-63.72605,99,27.55115,-36.44618,77,15.94615
136.5,-64.3949,99,21.83919,-36.33339,77,12.4937
136.75,-64.91282,99,15.75466,-36.20923,77,8.92795
137,-65.25963,99,9.32674,-36.10121,77,5.25063
137.25,-65.42311,99,2.65754,-36.03902,77,1.49178
137.5,-65.39908,99.00002,-4.08595,-36.04221,77.00002,-2.29244
137.75,-65.18899,99.00043,-10.71481,-36.10928,77.00043,-6.03691
138,-64.79817,99.00293,-17.07219,-36.21699,77.00293,-9.68879
138.25,-64.23415,99.01311,-23.06624,-36.32845,77.01311,-13.21867
138.5,-63.50124,99.04478,-28.66387,-36.39986,77.04478,-16.61323
138.75,-62.5879,99.12462,-33.85409,-36.37645,77.12462,-19.85212
139,-61.44912,99.29266,-38.60671,-36.17912,77.29266,-22.88191
139.25,-59.99555,99.59274,-42.85358,-35.69643,77.59274,-25.6051
139.5,-58.10514,100.05132,-46.50613,-34.79963,78.05132,-27.89846
139.75,-55.66047,100.65399,-49.50254,-33.38326,78.65399,-29.65898
140,-52.59137,101.33711,-51.85605,-31.40914,79.33711,-30.85446
140.25,-48.88678,102.00612,-53.6713,-28.9189,80.00612,-31.54547
140.5,-44.55577,102.57276,-55.11452,-25.99818,80.57276,-31.86308
140.75,-39.55705,102.98781,-56.35406,-22.71264,80.98781,-31.95731
141,-33.74992,103.25036,-57.50245,-19.05991,81.25036,-31.94992
141.25,-26.92351,103.3934,-58.58109,-14.97585,81.3934,-31.91446
141.5,-18.92606,103.46038,-59.51567,-10.40016,81.46038,-31.88305
141.75,-9.84058,103.48761,-60.16845,-5.36521,81.48761,-31.86385
142,-0.0849,103.49774,-60.40442,-0.04705,81.49774,-31.85501
142.25,9.66918,103.50149,-60.16183,5.26597,81.50149,-31.84953
142.5,18.73702,103.50265,-59.47937,10.27478,81.50265,-31.83206
142.75,26.66749,103.50235,-58.45671,14.77337,81.50235,-31.77086
143,33.33661,103.50126,-57.1773,18.68705,81.50126,-31.60829
143.25,38.86148,103.50006,-55.64934,22.03281,81.50006,-31.25608
143.5,43.43895,103.49933,-53.79927,24.84814,81.49933,-30.60311
143.75,47.23119,103.4993,-51.51031,27.14701,81.4993,-29.53966
144,50.34363,103.49976,-48.67012,28.9254,81.49976,-27.98828
144.25,52.8616,103.50024,-45.19071,30.19628,81.50024,-25.9196
144.5,54.88742,103.50025,-40.98605,31.01687,81.50025,-23.33755
144.75,56.54065,103.49963,-35.9277,31.4862,81.49963,-20.2429
145,57.92078,103.49869,-29.83049,31.71861,81.49869,-16.60853
145.25,59.06017,103.49812,-22.52068,31.8146,81.49812,-12.39877
145.5,59.90636,103.4985,-13.98487,31.84521,81.4985,-7.63298
145.75,60.35733,103.49984,-4.51097,31.85154,81.49984,-2.4499
146,60.33422,103.50156,5.30633,31.85109,81.50156,2.8859
146.25,59.84028,103.50275,14.74481,31.84286,81.50275,8.05643
146.5,58.9584,103.50287,23.21909,31.80706,81.50287,12.79931
146.75,57.78913,103.50199,30.45464,31.69969,81.50199,16.97876
147,56.37882,103.50068,36.47567,31.44654,81.50068,20.57731
147.25,54.6883,103.49961,41.46055,30.94486,81.49961,23.6305
147.5,52.614,103.4992,45.59456,30.08037,81.4992,26.16477
147.75,50.03677,103.49948,49.00608,28.75752,81.49948,28.18055
148,46.85784,103.50006,51.78366,26.92491,81.50006,29.67838
148.25,42.99552,103.50039,54.0192,24.57522,81.50039,30.6937
148.5,38.34588,103.50007,55.82721,21.71547,81.50007,31.30884
148.75,32.74698,103.49921,57.32253,18.33203,81.49921,31.6352
149,26.00494,103.49838,58.57291,14.3872,81.49838,31.78253
149.25,18.01205,103.49829,59.56358,9.86572,81.49829,31.83613
149.5,8.90755,103.49928,60.20744,4.84648,81.49928,31.8501
149.75,-0.84145,103.50098,60.40555,-0.45851,81.50098,31.85183
150,-10.53875,103.50256,60.11969,-5.74237,81.50256,31.8484
150.25,-19.50585,103.50326,59.40133,-10.70469,81.50326,31.82898
150.5,-27.31706,103.50284,58.3526,-15.14835,81.50284,31.76147
150.75,-33.87386,103.50167,57.05161,-19.00821,81.50167,31.58584
151,-39.3056,103.50037,55.49834,-22.30504,81.50037,31.21124
151.25,-43.80796,103.49952,53.61336,-25.07456,81.49952,30.52546
151.5,-47.53659,103.49935,51.27871,-27.32756,81.49935,29.42055
151.75,-50.59274,103.49971,48.38415,-29.05968,81.49971,27.82314
152,-53.06215,103.50012,44.84344,-30.28717,81.50012,25.70799
152.25,-55.04955,103.50008,40.56859,-31.07171,81.50008,23.08038
152.5,-56.67481,103.49941,35.42596,-31.51511,81.49941,19.93927
152.75,-58.03324,103.49848,29.22757,-31.73155,81.49848,16.25539
153,-59.1496,103.49806,21.80753,-31.81919,81.49806,11.99516
153.25,-59.96435,103.49932,13.175,-31.84572,81.49932,7.18672
153.5,-60.37196,103.50445,3.64801,-31.84767,81.50445,1.98164
153.75,-60.29161,103.51908,-6.1573,-31.83417,81.51908,-3.34467
154,-59.71655,103.55623,-15.51743,-31.78703,81.55623,-8.46849
154.25,-58.6997,103.63945,-23.86103,-31.65515,81.63945,-13.12214
154.5,-57.28679,103.80109,-30.92461,-31.34821,81.80109,-17.15564
154.75,-55.45416,104.07198,-36.72697,-30.73974,82.07198,-20.5246
155,-53.10047,104.46399,-41.4314,-29.68916,82.46399,-23.2361
155.25,-50.09357,104.95475,-45.22095,-28.08232,82.95475,-25.30874
155.5,-46.33278,105.48685,-48.25122,-25.87298,83.48685,-26.77276
155.75,-41.78289,105.98667,-50.65828,-23.09946,83.98667,-27.69113
156,-36.46485,106.39316,-52.56992,-19.86369,84.39316,-28.16849
156.25,-30.42127,106.67887,-54.09509,-16.28602,84.67887,-28.33511
156.5,-23.69446,106.85182,-55.30122,-12.46614,84.85182,-28.31927
156.75,-16.3431,106.94141,-56.20268,-8.47227,84.94141,-28.22728
157,-8.48686,106.98066,-56.7732,-4.35636,84.98066,-28.13662
157.25,-0.3385,106.9949,-56.97577,-0.17498,84.9949,-28.09483
157.5,7.81383,106.99902,-56.79185,4.00239,84.99902,-28.11712
157.75,15.6712,106.99989,-56.23206,8.09935,84.99989,-28.18266
158,22.99284,107,-55.32072,12.04011,85,-28.23201
158.25,29.62576,107,-54.06242,15.74616,85,-28.1666
158.5,35.48732,107,-52.41067,19.12413,85,-27.8525
158.75,40.53253,107,-50.26079,22.06152,85,-27.13643
159,44.74186,107,-47.47612,24.44679,85,-25.87996
159.25,48.13591,107,-43.93474,26.21021,85,-24.00272
159.5,50.79189,107,-39.56714,27.36009,85,-21.50925
159.75,52.83407,107,-34.36232,27.98758,85,-18.47972
160,54.39499,107,-28.34857,28.23681,85,-15.03059
160.25,55.57089,107,-21.57927,28.26125,85,-11.27394
160.5,56.39974,107,-14.14812,28.19098,85,-7.30036
160.75,56.87258,107,-6.22292,28.11844,85,-3.18664
161,56.96647,107,1.94047,28.09545,85,0.99029
161.25,56.67472,107,10.03245,28.13307,85,5.14894
161.5,56.01469,107,17.75898,28.20147,85,9.20859
161.75,55.0084,107,24.90068,28.23048,85,13.09211
162,53.6484,107,31.32621,28.1109,85,16.71759
162.25,51.87127,107,36.9657,27.70104,85,19.98568
162.5,49.5596,107,41.78067,26.84757,85,22.78073
162.75,46.57596,107,45.76033,25.42401,85,24.99819
163,42.81021,107,48.94003,23.37208,85,26.58727
163.25,38.20982,107,51.4125,20.7198,85,27.58044
163.5,32.77695,107,53.30911,17.56196,85,28.08767
163.75,26.54732,107,54.75629,14.01722,85,28.2599
164,19.58281,107,55.83488,10.19225,85,28.24661
164.25,11.99437,107,56.56736,6.17244,85,28.16817
164.5,3.97445,107,56.93729,2.03335,85,28.10589
164.75,-4.20091,107,56.92392,-2.1468,85,28.10033
165,-12.21904,107,56.52769,-6.28609,85,28.15121
165.25,-19.80198,107,55.77022,-10.30479,85,28.21747
165.5,-26.75528,107,54.66892,-14.1256,85,28.2179
165.75,-32.96821,107,53.20255,-17.66285,85,28.03322
166,-38.382,107,51.29102,-20.81163,85,27.51561
166.25,-42.96512,107,48.80685,-23.45571,85,26.51479
166.5,-46.71741,107,45.61566,-25.50112,85,24.91953
166.75,-49.68988,107,41.62173,-26.91837,85,22.69525
167,-51.98913,107,36.78934,-27.76351,85,19.89195
167.25,-53.74996,107,31.13209,-28.16226,85,16.61556
167.5,-55.08956,107,24.69234,-28.26909,85,12.98402
167.75,-56.07248,107.00011,17.54261,-28.22728,85.00011,9.0981
168,-56.70715,107.0011,9.81572,-28.14618,85.0011,5.04027
168.25,-56.97058,107.0059,1.73495,-28.09311,85.0059,0.89033
168.5,-56.84017,107.02292,-6.39338,-28.08939,85.02292,-3.26099
168.75,-56.30918,107.07074,-14.23274,-28.10593,85.07074,-7.30885
169,-55.37589,107.18158,-21.48414,-28.06119,85.18158,-11.13669
169.25,-54.01535,107.39836,-27.93001,-27.8262,85.39836,-14.6181
169.5,-52.15525,107.76044,-33.44479,-27.24207,85.76044,-17.62277
169.75,-49.67122,108.28024,-37.993,-26.1507,86.28024,-20.0374
170,-46.39645,108.92375,-41.63149,-24.42927,86.92375,-21.80206
170.25,-42.12802,109.61202,-44.50372,-22.00912,87.61202,-22.94173
170.5,-36.62578,110.24864,-46.79986,-18.86789,88.24864,-23.56697
170.75,-29.64151,110.75809,-48.67408,-15.01242,88.75809,-23.83735
171,-21.04013,111.11083,-50.15811,-10.4892,89.11083,-23.908
171.25,-10.9949,111.32203,-51.14115,-5.43098,89.32203,-23.88794
171.5,-0.11092,111.43108,-51.44975,-0.09588,89.43108,-23.82301
171.75,10.68432,111.47912,-50.97255,5.15841,89.47912,-23.69698
172,20.46993,111.49652,-49.72181,9.96964,89.49652,-23.43918
172.25,28.66247,111.50092,-47.77816,14.07362,89.50092,-22.93476
172.5,35.13259,111.50081,-45.17129,17.35003,89.50081,-22.03982
172.75,40.08817,111.49965,-41.79227,19.80347,89.49965,-20.60174
173,43.86791,111.49854,-37.38523,21.51871,89.49854,-18.48024
173.25,46.77657,111.49775,-31.61118,22.62465,89.49775,-15.56836
173.5,48.99162,111.49755,-24.18473,23.27023,89.49755,-11.82411
173.75,50.53468,111.49825,-15.07894,23.60043,89.49825,-7.31831
174,51.32009,111.49983,-4.70407,23.72971,89.49983,-2.27422
174.25,51.26349,111.5017,6.10343,23.71938,89.5017,2.94755
174.5,50.3716,111.50294,16.34696,23.56541,89.50294,7.93661
174.75,48.73564,111.50304,25.24167,23.19948,89.50304,12.35014
175,46.43428,111.50212,32.44412,22.50286,89.50212,15.98841
175.25,43.42985,111.50076,38.02612,21.32987,89.50076,18.79785
175.5,39.5288,111.49941,42.28564,19.53378,89.49941,20.8286
175.75,34.41727,111.49832,45.55364,16.98994,89.49832,22.19068
176,27.76351,111.49767,48.0696,13.62188,89.49767,23.02524
176.25,19.3964,111.49778,49.92298,9.44293,89.49778,23.48149
176.5,9.51468,111.49888,51.06485,4.60487,89.49888,23.69057
176.75,-1.21961,111.50063,51.39538,-0.58713,89.50063,23.73992
177,-11.83684,111.50223,50.87397,-5.73079,89.50223,23.65578
177.25,-21.41396,111.50291,49.56167,-10.43929,89.50291,23.39799
177.5,-29.39543,111.50249,47.55782,-14.44337,89.50249,22.86835
177.75,-35.68256,111.50137,44.88758,-17.62695,89.50137,21.93035
178,-40.4977,111.50011,41.42861,-19.99944,89.50011,20.43512
178.25,-44.17718,111.49928,36.91563,-21.64818,89.49928,18.24651
178.5,-47.01464,111.50042,31.01568,-22.70301,89.50042,15.26634
178.75,-49.17723,111.5081,23.48117,-23.31264,89.5081,11.47357
179,-50.68971,111.53318,14.37439,-23.62111,89.53318,6.98312
179.25,-51.50014,111.59585,4.2553,-23.74361,89.59585,2.09461
179.5,-51.60122,111.72567,-5.84584,-23.74968,89.72567,-2.72441
179.75,-51.11848,111.95495,-14.74137,-23.66,89.95495,-6.94966
180,-50.2866,112.30387,-21.53056,-23.45686,90.30387,-10.16617
180.25,-49.33377,112.76338,-25.90393,-23.10394,90.76338,-12.2016
180.5,-48.37668,113.2879,-28.1537,-22.56843,91.2879,-13.15766
180.75,-47.40361,113.80706,-28.94309,-21.83814,91.80706,-13.33192
181,-46.3343,114.25253,-29.00568,-20.92753,92.25253,-13.0826
181.25,-45.09219,114.58361,-28.9193,-19.8719,92.58361,-12.70676
181.5,-43.64141,114.79624,-29.01361,-18.71481,92.79624,-12.38035
181.75,-41.98625,114.9137,-29.39688,-17.49608,92.9137,-12.1646
182,-40.15092,114.96902,-30.0436,-16.24497,92.96902,-12.04916
182.25,-38.15936,114.99089,-30.87805,-14.97924,92.99089,-11.99585
182.5,-36.02467,114.99793,-31.82335,-13.70739,92.99793,-11.965
182.75,-33.74553,114.99968,-32.82023,-12.43159,92.99968,-11.92571
183,-31.30493,114.99998,-33.83015,-11.15017,92.99998,-11.85822
183.25,-28.66902,115,-34.83364,-9.85949,93,-11.75474
183.5,-25.78838,115,-35.82551,-8.55569,93,-11.61999
183.75,-22.60545,115,-36.80447,-7.23624,93,-11.46951
184,-19.07013,115,-37.75726,-5.90088,93,-11.32401
184.25,-15.15891,115,-38.64524,-4.55165,93,-11.20171
184.5,-10.8906,115,-39.40213,-3.19196,93,-11.11254
184.75,-6.3315,115,-39.94696,-1.82556,93,-11.05714
185,-1.58896,115,-40.20766,-0.45565,93,-11.03081
185.25,3.20372,115,-40.14479,0.91518,93,-11.02937
185.5,7.90606,115,-39.76532,2.28457,93,-11.05324
185.75,12.38954,115,-39.12137,3.64975,93,-11.10757
186,16.55548,115,-38.29396,5.00729,93,-11.19809
186.25,20.34896,115,-37.36668,6.35341,93,-11.32439
186.5,23.76383,115,-36.40106,7.685,93,-11.47526
186.75,26.83517,115,-35.42554,9.00076,93,-11.62981
187,29.62101,115,-34.44259,10.30176,93,-11.76492
187.25,32.18075,115,-33.44752,11.59088,93,-11.86466
187.5,34.55898,115,-32.44614,12.8704,93,-11.9261
187.75,36.7778,115,-31.45998,14.13753,93,-11.95742
188,38.8325,115,-30.5211,15.3761,93,-11.97051
188.25,40.68605,115,-29.65837,16.54482,93,-11.96969
188.5,42.26547,115,-28.8726,17.5656,93,-11.93696
188.75,43.4717,115,-28.09112,18.32149,93,-11.81344
189,44.2128,115,-27.10535,18.67627,93,-11.48285
189.25,44.4558,115,-25.52816,18.52099,93,-10.77596
189.5,44.25945,115,-22.83958,17.83303,93,-9.52011
189.75,43.74409,115,-18.57827,16.71279,93,-7.63064
190,43.01443,115,-12.62393,15.36812,93,-5.19087
190.25,42.10806,115,-5.38137,14.04637,93,-2.45058
190.5,41.02536,115,2.31477,12.95149,93,0.27393
190.75,39.79949,115,9.55491,12.18971,93,2.7334
191,38.52102,115,15.72998,11.76427,93,4.82398
191.25,37.29032,115,20.68267,11.60668,93,6.57539
191.5,36.15736,115,24.59921,11.61933,93,8.08494
191.75,35.1089,115,27.79325,11.71026,93,9.45411
192,34.10214,115,30.54182,11.81302,93,10.75654
192.25,33.10406,115,33.02445,11.89248,93,12.03338
192.5,32.10862,115,35.33082,11.93987,93,13.3011
192.75,31.13482,115,37.48841,11.96184,93,14.55757
193,30.21174,115,39.48455,11.96702,93,15.78069
193.25,29.35586,115,41.27282,11.95111,93,16.91974
193.5,28.53673,115,42.7762,11.87963,93,17.88665
193.75,27.62641,115,43.90092,11.6699,93,18.55861
194,26.34576,115,44.57104,11.18189,93,18.80401
194.25,24.25596,115,44.77186,10.24021,93,18.53321
194.5,20.86025,115,44.56314,8.70226,93,17.75444
194.75,15.83621,115,44.03951,6.5498,93,16.59918
195,9.28636,115,43.27156,3.93925,93,15.2919
195.25,1.81083,115,42.28992,1.1579,93,14.07368
195.5,-5.70672,115,41.12795,-1.49718,93,13.12218
195.75,-12.47978,115,39.86299,-3.83542,93,12.5093
196,-18.10626,115,38.59998,-5.81315,93,12.20847
196.25,-22.59845,115,37.41521,-7.49423,93,12.13418
196.5,-26.21294,115,36.32209,-8.98122,93,12.18627
196.75,-29.24973,115,35.28723,-10.36441,93,12.28158
197,-31.93551,115,34.27241,-11.70201,93,12.36868
197.25,-34.39929,115,33.26226,-13.02161,93,12.42735
197.5,-36.69183,114.99987,32.26619,-14.32634,92.99987,12.45698
197.75,-38.81423,114.9975,31.29405,-15.59617,92.9975,12.45623
198,-40.73842,114.98289,30.28865,-16.78124,92.98289,12.38881
198.25,-42.39437,114.92272,28.99159,-17.79079,92.92272,12.12942
198.5,-43.63424,114.73335,26.80395,-18.48536,92.73335,11.39499
198.75,-44.17813,114.25123,22.66736,-18.68297,92.25123,9.69982
199,-43.51434,113.22762,15.24241,-18.19048,91.22762,6.41262
199.25,-40.96271,111.38746,3.58395,-16.86679,89.38746,0.98709
199.5,-36.04719,108.567,-11.97786,-14.70628,86.567,-6.67911
199.75,-29.01571,104.87183,-29.50799,-11.90147,82.87183,-15.97663
200,-20.99922,100.7358,-46.19814,-8.82809,78.7358,-25.66063
200.25,-13.51544,96.79823,-59.69673,-5.93236,74.79823,-34.30787
200.5,-7.69233,93.65042,-69.00499,-3.57222,71.65042,-40.88375
200.75,-3.85798,91.6119,-74.43489,-1.90668,69.6119,-45.06033
201,-1.6942,90.66891,-76.98351,-0.89168,68.66891,-47.14219
201.25,-0.644,90.57613,-77.72095,-0.36158,68.57613,-47.74758
201.5,-0.21623,91.01873,-77.49016,-0.12801,69.01873,-47.49365
201.75,-0.07119,91.73351,-76.82858,-0.04334,69.73351,-46.82898
202,-0.03017,92.55399,-76.01066,-0.01841,70.55399,-46.0107
202.25,-0.01877,93.39921,-75.15581,-0.01137,71.39921,-45.15581
202.5,-0.01309,94.24113,-74.30432,-0.00789,72.24113,-44.30432
202.75,-0.00822,95.07545,-73.46344,-0.00494,73.07545,-43.46344
203,-0.00436,95.90474,-72.63048,-0.00261,73.90474,-42.63048
203.25,-0.00181,96.73187,-71.80165,-0.00109,74.73187,-41.80165
203.5,-0.00039,97.55833,-70.97457,-0.00024,75.55833,-40.97457
203.75,0.00026,98.38466,-70.14806,0.00014,76.38466,-40.14806
204,0.00043,99.21098,-69.32169,0.00024,77.21098,-39.32169
204.25,0.00034,100.03732,-68.49534,0.00019,78.03732,-38.49534
204.5,0.00009,100.86365,-67.669,0.00005,78.86365,-37.669
204.75,-0.00018,101.68997,-66.84266,-0.0001,79.68997,-36.84266
205,-0.00025,102.51629,-66.01632,-0.00014,80.51629,-36.01633
205.25,0,103.34261,-65.18999,-0.00001,81.34261,-35.18999
205.5,0.00045,104.16894,-64.36366,0.00023,82.16894,-34.36366
205.75,0.00076,104.99528,-63.53733,0.0004,82.99528,-33.53733
206,0.00067,105.82164,-62.71099,0.00036,83.82164,-32.71099
206.25,-0.00003,106.64793,-61.88472,0.00001,84.64793,-31.88472
206.5,-0.0052,107.47282,-61.05991,-0.00246,85.47282,-31.05994
206.75,-0.03189,108.28995,-60.24302,-0.01513,86.28995,-30.24339
207,-0.12932,109.07769,-59.4557,-0.062,87.07769,-29.45801
207.25,-0.40162,109.78003,-58.75406,-0.19522,87.78003,-28.76323
207.5,-1.00866,110.2829,-58.25319,-0.49749,88.2829,-28.28003
207.75,-2.10033,110.40323,-58.13992,-1.05164,88.40323,-28.20259
208,-3.67401,109.91923,-58.64642,-1.86957,87.91923,-28.76644
208.25,-5.42249,108.66095,-59.9634,-2.80665,86.66095,-30.15272
208.5,-6.72605,106.63964,-62.10548,-3.53989,84.63964,-32.35158
208.75,-6.9063,104.14006,-64.79999,-3.68829,82.14006,-35.0644
209,-5.62929,101.68536,-67.49864,-3.0371,79.68536,-37.73638
209.25,-3.13119,99.85595,-69.54588,-1.69015,77.85595,-39.73492
209.5,-0.00422,99.04758,-70.40257,0.01878,77.04758,-40.57302
209.75,3.33329,99.30329,-69.75855,1.81854,77.30329,-40.03338
210,7.07834,100.29583,-67.46245,3.77048,78.29583,-38.13261
210.25,12.04262,101.4429,-63.34982,6.30571,79.4429,-34.99868
210.5,19.15065,102.09701,-57.19414,9.99789,80.09701,-30.79284
210.75,28.73654,101.76258,-48.92708,15.2047,79.76258,-25.73868
211,40.10839,100.28597,-38.99473,21.77228,78.28597,-20.20058
211.25,51.72512,97.93053,-28.49106,28.98163,75.93053,-14.69686
211.5,61.89533,95.26762,-18.82973,35.79817,73.26762,-9.788
211.75,69.50677,92.92188,-11.14148,41.29814,70.92188,-5.89612
212,74.31853,91.3189,-5.85217,45.01009,69.3189,-3.17486
212.25,76.76872,90.57495,-2.70428,46.98682,68.57495,-1.5095
212.5,77.57681,90.55555,-1.0874,47.62953,68.55555,-0.62591
212.75,77.42428,91.01791,-0.37932,47.43357,69.01791,-0.22524
213,76.80526,91.73518,-0.12027,46.80649,69.73518,-0.07312
213.25,76.00444,92.55482,-0.04183,46.00455,70.55482,-0.02559
213.5,75.15475,93.39942,-0.02075,45.15475,71.39942,-0.0126
213.75,74.30428,94.24115,-0.01322,44.30428,72.24115,-0.00797
214,73.46344,95.07545,-0.00822,43.46344,73.07545,-0.00494
214.25,72.63048,95.90474,-0.00436,42.63048,73.90474,-0.00261
214.5,71.80165,96.73187,-0.00181,41.80165,74.73187,-0.00109
214.75,70.97457,97.55833,-0.00039,40.97457,75.55833,-0.00024
215,70.14806,98.38466,0.00026,40.14806,76.38466,0.00014
215.25,69.32169,99.21098,0.00043,39.32169,77.21098,0.00024
215.5,68.49534,100.03732,0.00034,38.49534,78.03732,0.00019
215.75,67.669,100.86365,0.00009,37.669,78.86365,0.00005
216,66.84266,101.68997,-0.00018,36.84266,79.68997,-0.0001
216.25,66.01632,102.51629,-0.00025,36.01633,80.51629,-0.00014
216.5,65.18999,103.34261,0,35.18999,81.34261,-0.00001
216.75,64.36366,104.16894,0.00045,34.36366,82.16894,0.00023
217,63.53733,104.99528,0.00076,33.53733,82.99528,0.0004
217.25,62.71099,105.82164,0.00067,32.71099,83.82164,0.00036
217.5,61.88472,106.64793,-0.00003,31.88472,84.64793,0.00001
217.75,61.05991,107.47282,-0.0052,31.05994,85.47282,-0.00246
218,60.24302,108.28995,-0.03189,30.24339,86.28995,-0.01513
218.25,59.4557,109.07769,-0.12932,29.45801,87.07769,-0.062
218.5,58.75406,109.78003,-0.40162,28.76323,87.78003,-0.19522
218.75,58.25319,110.2829,-1.00866,28.28003,88.2829,-0.49749
219,58.13992,110.40323,-2.10033,28.20259,88.40323,-1.05164
219.25,58.64642,109.91923,-3.67401,28.76644,87.91923,-1.86957
219.5,59.9634,108.66095,-5.42249,30.15272,86.66095,-2.80665
219.75,62.10548,106.63964,-6.72605,32.35158,84.63964,-3.53989
220,64.79999,104.14006,-6.9063,35.0644,82.14006,-3.68829
220.25,67.49864,101.68536,-5.62929,37.73638,79.68536,-3.0371
220.5,69.54588,99.85595,-3.13119,39.73492,77.85595,-1.69015
220.75,70.40257,99.04758,-0.00422,40.57302,77.04758,0.01878
221,69.75855,99.30329,3.33329,40.03338,77.30329,1.81854
221.25,67.46245,100.29583,7.07834,38.13261,78.29583,3.77048
221.5,63.34982,101.4429,12.04262,34.99868,79.4429,6.30571
221.75,57.19414,102.09701,19.15065,30.79284,80.09701,9.99789
222,48.92708,101.76258,28.73654,25.73868,79.76258,15.2047
222.25,38.99473,100.28597,40.10839,20.20058,78.28597,21.77228
222.5,28.49106,97.93053,51.72512,14.69686,75.93053,28.98163
222.75,18.82973,95.26762,61.89533,9.788,73.26762,35.79817
223,11.14148,92.92188,69.50677,5.89612,70.92188,41.29814
223.25,5.85217,91.3189,74.31853,3.17486,69.3189,45.01009
223.5,2.70428,90.57495,76.76872,1.5095,68.57495,46.98682
223.75,1.0874,90.55555,77.57681,0.62591,68.55555,47.62953
224,0.37932,91.01791,77.42428,0.22524,69.01791,47.43357
224.25,0.12027,91.73518,76.80526,0.07312,69.73518,46.80649
224.5,0.04183,92.55482,76.00444,0.02559,70.55482,46.00455
224.75,0.02075,93.39942,75.15475,0.0126,71.39942,45.15475
225,0.01322,94.24115,74.30428,0.00797,72.24115,44.30428
225.25,0.00822,95.07545,73.46344,0.00494,73.07545,43.46344
225.5,0.00436,95.90474,72.63048,0.00261,73.90474,42.63048
225.75,0.00181,96.73187,71.80165,0.00109,74.73187,41.80165
226,0.00039,97.55833,70.97457,0.00024,75.55833,40.97457
226.25,-0.00026,98.38466,70.14806,-0.00014,76.38466,40.14806
226.5,-0.00043,99.21098,69.32169,-0.00024,77.21098,39.32169
226.75,-0.00034,100.03732,68.49534,-0.00019,78.03732,38.49534
227,-0.00009,100.86365,67.669,-0.00005,78.86365,37.669
227.25,0.00018,101.68997,66.84266,0.0001,79.68997,36.84266
227.5,0.00025,102.51629,66.01632,0.00014,80.51629,36.01633
227.75,0,103.34261,65.18999,0.00001,81.34261,35.18999
228,-0.00045,104.16894,64.36366,-0.00023,82.16894,34.36366
228.25,-0.00076,104.99528,63.53733,-0.0004,82.99528,33.53733
228.5,-0.00067,105.82164,62.71099,-0.00036,83.82164,32.71099
228.75,0.00003,106.64793,61.88472,-0.00001,84.64793,31.88472
229,0.0052,107.47282,61.05991,0.00246,85.47282,31.05994
229.25,0.03189,108.28995,60.24302,0.01513,86.28995,30.24339
229.5,0.12932,109.07769,59.4557,0.062,87.07769,29.45801
229.75,0.40162,109.78003,58.75406,0.19522,87.78003,28.76323
230,1.00866,110.2829,58.25319,0.49749,88.2829,28.28003
230.25,2.10033,110.40323,58.13992,1.05164,88.40323,28.20259
230.5,3.67401,109.91923,58.64642,1.86957,87.91923,28.76644
230.75,5.42249,108.66095,59.9634,2.80665,86.66095,30.15272
231,6.72605,106.63964,62.10548,3.53989,84.63964,32.35158
231.25,6.9063,104.14006,64.79999,3.68829,82.14006,35.0644
231.5,5.62929,101.68536,67.49864,3.0371,79.68536,37.73638
231.75,3.13119,99.85595,69.54588,1.69015,77.85595,39.73492
232,0.00422,99.04758,70.40257,-0.01878,77.04758,40.57302
232.25,-3.33329,99.30329,69.75855,-1.81854,77.30329,40.03338
232.5,-7.07834,100.29583,67.46245,-3.77048,78.29583,38.13261
232.75,-12.04262,101.4429,63.34982,-6.30571,79.4429,34.99868
233,-19.15065,102.09701,57.19414,-9.99789,80.09701,30.79284
233.25,-28.73654,101.76258,48.92708,-15.2047,79.76258,25.73868
233.5,-40.10839,100.28597,38.99473,-21.77228,78.28597,20.20058
233.75,-51.72512,97.93053,28.49106,-28.98163,75.93053,14.69686
234,-61.89533,95.26762,18.82973,-35.79817,73.26762,9.788
234.25,-69.50677,92.92188,11.14148,-41.29814,70.92188,5.89612
234.5,-74.31853,91.3189,5.85217,-45.01009,69.3189,3.17486
234.75,-76.76872,90.57495,2.70428,-46.98682,68.57495,1.5095
235,-77.57681,90.55555,1.0874,-47.62953,68.55555,0.62591
235.25,-77.42428,91.01791,0.37932,-47.43357,69.01791,0.22524
235.5,-76.80526,91.73518,0.12027,-46.80649,69.73518,0.07312
235.75,-76.00444,92.55482,0.04183,-46.00455,70.55482,0.02559
236,-75.15475,93.39942,0.02075,-45.15475,71.39942,0.0126
236.25,-74.30428,94.24115,0.01322,-44.30428,72.24115,0.00797
236.5,-73.46344,95.07545,0.00822,-43.46344,73.07545,0.00494
236.75,-72.63048,95.90474,0.00436,-42.63048,73.90474,0.00261
237,-71.80165,96.73187,0.00181,-41.80165,74.73187,0.00109
237.25,-70.97457,97.55833,0.00039,-40.97457,75.55833,0.00024
237.5,-70.14806,98.38466,-0.00026,-40.14806,76.38466,-0.00014
237.75,-69.32169,99.21098,-0.00043,-39.32169,77.21098,-0.00024
238,-68.49534,100.03732,-0.00034,-38.49534,78.03732,-0.00019
238.25,-67.669,100.86365,-0.00009,-37.669,78.86365,-0.00005
238.5,-66.84266,101.68997,0.00018,-36.84266,79.68997,0.0001
238.75,-66.01632,102.51629,0.00025,-36.01633,80.51629,0.00014
239,-65.18999,103.34261,0,-35.18999,81.34261,0.00001
239.25,-64.36366,104.16894,-0.00045,-34.36366,82.16894,-0.00023
239.5,-63.53733,104.99528,-0.00076,-33.53733,82.99528,-0.0004
239.75,-62.71099,105.82164,-0.00067,-32.71099,83.82164,-0.00036
240,-61.88472,106.64793,0.00003,-31.88472,84.64793,-0.00001
240.25,-61.05991,107.47282,0.0052,-31.05994,85.47282,0.00246
240.5,-60.24302,108.28995,0.03189,-30.24339,86.28995,0.01513
240.75,-59.4557,109.07769,0.12932,-29.45801,87.07769,0.062
241,-58.75406,109.78003,0.40162,-28.76323,87.78003,0.19522
241.25,-58.25319,110.2829,1.00866,-28.28003,88.2829,0.49749
241.5,-58.13992,110.40323,2.10033,-28.20259,88.40323,1.05164
241.75,-58.64642,109.91923,3.67401,-28.76644,87.91923,1.86957
242,-59.9634,108.66095,5.42249,-30.15272,86.66095,2.80665
242.25,-62.10548,106.63964,6.72605,-32.35158,84.63964,3.53989
242.5,-64.80026,104.14007,6.90616,-35.06467,82.14007,3.6882
242.75,-67.50358,101.68539,5.6273,-37.74139,79.68539,3.0357
243,-69.57917,99.85588,3.1224,-39.76807,77.85588,1.68219
243.25,-70.55629,99.0472,-0.01307,-40.71806,77.0472,-0.04759
243.5,-70.30781,99.30418,-3.33414,-40.51941,77.30418,-1.89504
243.75,-69.05244,100.3077,-6.95519,-39.46199,78.3077,-3.92591
244,-67.21958,101.49784,-11.50764,-38.07042,79.49784,-6.54056
244.25,-65.28804,102.27234,-17.66233,-36.9165,80.27234,-10.21602
244.5,-63.66698,102.19951,-25.56173,-36.43285,80.19951,-15.15251
244.75,-62.62077,101.17638,-34.56629,-36.77871,79.17638,-21.0549
245,-62.2239,99.45353,-43.49259,-37.81225,77.45353,-27.19764
245.25,-62.36414,97.498,-51.16316,-39.19122,75.498,-32.73611
245.5,-62.81298,95.76915,-56.88992,-40.54799,73.76915,-37.0647
245.75,-63.33445,94.54334,-60.61333,-41.63453,72.54334,-39.99999
246,-63.77138,93.87071,-62.71945,-42.36965,71.87071,-41.72472
246.25,-64.0675,93.64582,-63.7459,-42.79679,71.64582,-42.59602
246.5,-64.23714,93.71152,-64.16438,-43.01102,71.71152,-42.96491
246.75,-64.32173,93.93283,-64.29094,-43.10333,71.93283,-43.08303
247,-64.36096,94.22457,-64.29318,-43.13658,72.22457,-43.0912
247.25,-64.38081,94.54651,-64.24531,-43.14527,72.54651,-43.05451
247.5,-64.39319,94.88668,-64.18125,-43.14503,72.88668,-43.00309
247.75,-64.40063,95.24619,-64.12539,-43.14204,73.24619,-42.95771
248,-64.4018,95.62949,-64.09856,-43.13859,73.62949,-42.93552
248.25,-64.39621,96.03991,-64.10971,-43.13576,74.03991,-42.9439
248.5,-64.38685,96.47921,-64.14951,-43.1345,74.47921,-42.97555
248.75,-64.37928,96.95196,-64.19483,-43.13566,74.95196,-43.01211
249,-64.37845,97.47281,-64.2216,-43.13938,75.47281,-43.03431
249.25,-64.38532,98.07359,-64.21671,-43.14432,76.07359,-43.03136
249.5,-64.39562,98.80496,-64.18246,-43.14728,76.80496,-43.00449
249.75,-64.40123,99.72881,-64.13427,-43.14401,77.72881,-42.96521
250,-64.39422,100.90106,-64.09298,-43.13135,78.90106,-42.9296
250.25,-64.37142,102.35187,-64.07487,-43.10931,80.35187,-42.91072
250.5,-64.33651,104.07347,-64.08405,-43.08166,82.07347,-42.91261
250.75,-64.29667,106.02293,-64.11283,-43.05313,84.02293,-42.93004
251,-64.24846,108.1352,-64.15029,-43.01916,86.1352,-42.95332
251.25,-64.14635,110.3342,-64.1962,-42.94284,88.3342,-42.9747
251.5,-63.83063,112.52443,-64.27924,-42.70395,90.52443,-42.99252
251.75,-62.90413,114.55693,-64.47197,-42.01822,92.55693,-43.01147
252,-60.60278,116.18427,-64.88678,-40.35938,94.18427,-43.04023
252.25,-55.77216,117.0456,-65.63776,-36.96731,95.0456,-43.08684
252.5,-47.11317,116.73403,-66.73806,-31.04213,94.73403,-43.15306
252.75,-33.7974,114.96442,-67.98338,-22.13671,92.96442,-43.2298
253,-16.21549,111.77453,-68.9607,-10.57318,89.77453,-43.29871
253.25,3.70856,107.61878,-69.25849,2.42656,85.61878,-43.341
253.5,23.07923,103.24831,-68.74762,15.09095,81.24831,-43.34765
253.75,39.24224,99.41936,-67.67564,25.78312,77.41936,-43.32328
254,50.82811,96.6094,-66.48085,33.59961,74.6094,-43.28178
254.25,57.969,94.90918,-65.51189,38.53736,72.90918,-43.23753
254.5,61.7502,94.11571,-64.88937,41.22141,72.11571,-43.19898
254.75,63.46125,93.91585,-64.55526,42.4672,71.91585,-43.16648
255,64.11612,94.03459,-64.39312,42.95472,72.03459,-43.13434
255.25,64.32977,94.29529,-64.30422,43.11299,72.29529,-43.09524
255.5,64.3954,94.61163,-64.2326,43.1554,72.61163,-43.04631
255.75,64.42057,94.95375,-64.1646,43.16518,72.95375,-42.99373
256,64.43265,95.31742,-64.11207,43.1666,73.31742,-42.95189
256.25,64.43401,95.70576,-64.09223,43.16447,73.70576,-42.93556
256.5,64.42508,96.12156,-64.11059,43.16003,74.12156,-42.9494
256.75,64.41155,96.56669,-64.15404,43.1559,74.56669,-42.98341
257,64.40236,97.04702,-64.19755,43.1554,75.04702,-43.0182
257.25,64.40448,97.58003,-64.21813,43.16057,75.58003,-43.03571
257.5,64.41844,98.20125,-64.20557,43.17017,76.20125,-43.02754
257.75,64.43695,98.96442,-64.16555,43.17904,76.96442,-42.9972
258,64.4477,99.93183,-64.11595,43.17983,77.93183,-42.95759
258.25,64.43968,101.15595,-64.07808,43.16689,79.15595,-42.92467
258.5,64.40957,102.66022,-64.06645,43.13981,80.66022,-42.91
258.75,64.3637,104.4295,-64.08229,43.1041,82.4295,-42.91563
259,64.31455,106.41543,-64.11314,43.06813,84.41543,-42.93326
259.25,64.27631,108.55039,-64.12916,43.03881,86.55039,-42.94045
259.5,64.26671,110.756,-64.05754,43.01885,88.756,-42.88104
259.75,64.32088,112.92986,-63.70585,43.00686,90.92986,-42.61119
260,64.50733,114.90753,-62.62881,42.99907,92.90753,-41.81352
260.25,64.92639,116.41937,-60.00225,42.99116,94.41937,-39.92334
260.5,65.67167,117.08736,-54.62682,42.97988,95.08736,-36.1594
260.75,66.72587,116.51233,-45.23149,42.96456,94.51233,-29.75343
261,67.85925,114.45626,-31.13948,42.94846,92.45626,-20.3634
261.25,68.66656,111.03494,-12.99325,42.93858,89.03494,-8.46475
261.5,68.79181,106.77551,7.05536,42.94288,84.77551,4.59374
261.75,68.18201,102.45524,26.05407,42.96552,80.45524,17.01576
262,67.12719,98.79526,41.50458,43.00365,76.79526,27.25848
262.25,66.04531,96.20087,52.30044,43.04838,74.20087,34.57334
262.5,65.22511,94.6951,58.78907,43.08957,72.6951,39.08913
262.75,64.73385,94.03965,62.14225,43.12051,72.03965,41.49063
263,64.49332,93.91962,63.62847,43.13968,71.91962,42.58717
263.25,64.39521,94.07646,64.19809,43.14931,72.07646,43.02171
263.5,64.3581,94.35257,64.40583,43.15271,72.35257,43.18522
263.75,64.33898,94.67515,64.50222,43.15266,72.67515,43.26223
264,64.32419,95.02135,64.56663,43.15092,73.02135,43.31361
264.25,64.31379,95.38945,64.60601,43.14872,73.38945,43.34482
264.5,64.31119,95.78288,64.6109,43.14735,73.78288,43.34848
264.75,64.31787,96.20413,64.58306,43.14834,74.20413,43.3263
265,64.33149,96.6553,64.54163,43.1529,74.6553,43.2939
265.25,64.34656,97.14384,64.51267,43.16071,75.14384,43.27217
265.5,64.35629,97.69031,64.51341,43.16897,75.69031,43.27439
265.75,64.35474,98.33396,64.54268,43.17249,76.33396,43.29861
266,64.33921,99.13126,64.58162,43.16593,77.13126,43.3286
266.25,64.31205,100.1442,64.60363,43.14688,78.1442,43.34254
266.5,64.28004,101.42107,64.58853,43.11766,79.42107,43.32464
266.75,64.25105,102.97823,64.53335,43.08437,80.97823,43.27375
267,64.23028,104.79342,64.45278,43.05376,82.79342,43.20299
267.25,64.2151,106.81347,64.36998,43.02745,84.81347,43.13129
267.5,64.18202,108.9686,64.30698,42.98972,86.9686,43.07315
267.75,64.04769,111.17773,64.28543,42.87717,89.17773,43.03278
268,63.57815,113.33003,64.34203,42.51601,91.33003,43.00406
268.25,62.25038,115.24363,64.54407,41.53531,93.24363,42.97436
268.5,59.14446,116.62604,64.98575,39.30905,94.62604,42.92948
268.75,52.99692,117.08518,65.74124,35.0255,95.08518,42.85992
269,42.58846,116.2368,66.75599,27.96533,94.2368,42.76791
269.25,27.46743,113.89793,67.76575,17.93543,91.89793,42.67158
269.5,8.61885,110.26487,68.37253,5.6142,88.26487,42.60016
269.75,-11.52628,105.93134,68.2883,-7.49506,83.93134,42.58056
270,-29.98063,101.68887,67.55298,-19.58041,79.68887,42.62314
270.25,-44.47601,98.21359,66.50745,-29.22958,76.21359,42.71652
270.5,-54.24451,95.83598,65.54629,-35.8907,73.83598,42.83439
270.75,-59.89036,94.51572,64.89075,-39.85291,72.51572,42.94904
271,-62.67674,93.98597,64.54973,-41.86978,71.98597,43.04316
271.25,-63.83323,93.93527,64.42444,-42.73665,71.93527,43.11412
271.5,-64.22115,94.1236,64.41581,-43.04247,72.1236,43.17028
271.75,-64.31308,94.41194,64.45977,-43.12422,72.41194,43.22241
272,-64.3134,94.73974,64.5222,-43.13461,72.73974,43.2747
272.25,-64.29456,95.08993,64.58087,-43.12854,73.08993,43.32065
272.5,-64.28047,95.46256,64.61544,-43.12247,73.46256,43.34723
272.75,-64.27886,95.86116,64.61376,-43.12085,73.86116,43.34555
273,-64.29004,96.28786,64.58111,-43.1248,74.28786,43.3201
273.25,-64.30853,96.74525,64.53943,-43.13338,74.74525,43.28829
273.5,-64.3253,97.2427,64.51488,-43.14334,75.2427,43.27052
273.75,-64.33143,97.80405,64.52206,-43.14964,75.80405,43.27753
274,-64.3214,98.47225,64.55606,-43.14686,76.47225,43.3043
274.25,-64.29562,99.30602,64.59518,-43.13178,77.30602,43.33277
274.5,-64.26095,100.36637,64.61233,-43.10567,78.36637,43.34141
274.75,-64.22778,101.69665,64.58945,-43.07421,79.69665,43.31682
275,-64.20472,103.30593,64.52707,-43.04468,81.30593,43.26088
275.25,-64.19469,105.16512,64.44241,-43.02235,83.16512,43.18847
275.5,-64.1947,107.2175,64.35643,-43.00819,85.2175,43.11662
275.75,-64.19859,109.3952,64.27506,-42.99798,87.3952,43.04934
276,-64.19922,111.62746,64.16491,-42.98011,89.62746,42.95805
276.25,-64.18799,113.83013,63.91954,-42.92908,91.83013,42.75489
276.5,-64.09577,115.88174,63.14445,-42.79616,93.87836,42.26193
276.75,-63.8065,117.59706,61.20944,-42.5045,95.58134,41.20038
277,-63.05752,118.74268,56.99036,-41.96096,96.69183,39.23987
277.25,-61.46921,119.10631,49.14321,-41.09216,96.97728,36.13237
277.5,-58.75029,118.60444,36.95163,-39.89402,96.3394,31.88769
277.75,-55.0241,117.36317,21.38852,-38.4635,94.91312,26.87678
278,-50.94345,115.70766,5.22648,-36.98137,93.06087,21.75548
278.25,-47.35911,114.0515,-8.38471,-35.64632,91.24112,17.22029
278.5,-44.80857,112.74316,-17.71668,-34.5986,89.82645,13.73988
278.75,-43.3111,111.95592,-22.98543,-33.88006,88.98517,11.42667
279,-42.56373,111.67555,-25.48332,-33.44701,88.68333,10.09704
279.25,-42.23231,111.77225,-26.50355,-33.21509,88.77336,9.43729
279.5,-42.10214,112.09253,-26.8462,-33.10214,89.09253,9.1538
279.75,-42.05003,112.51998,-26.95626,-33.05003,89.51998,9.04374
280,-42.0262,112.98718,-27.0047,-33.0262,89.98718,8.9953
280.25,-42.01555,113.463,-27.04228,-33.01555,90.463,8.95772
280.5,-42.01171,113.9347,-27.0867,-33.01171,90.9347,8.9133
280.75,-42.01148,114.39514,-27.13742,-33.01148,91.39514,8.86258
281,-42.01262,114.83802,-27.1822,-33.01262,91.83802,8.8178
281.25,-42.01334,115.2577,-27.20503,-33.01334,92.2577,8.79497
281.5,-42.01264,115.65123,-27.19651,-33.01264,92.65123,8.80349
281.75,-42.01046,116.01983,-27.16053,-33.01046,93.01983,8.83947
282,-42.0075,116.36834,-27.1117,-33.0075,93.36834,8.8883
282.25,-42.00463,116.70319,-27.06609,-33.00463,93.70319,8.93391
282.5,-42.00243,117.03023,-27.03308,-33.00243,94.03023,8.96692
282.75,-42.00104,117.35353,-27.01383,-33.00104,94.35353,8.98617
283,-42.00032,117.67538,-27.0047,-33.00032,94.67538,8.9953
283.25,-42.00004,117.99679,-27.00127,-33.00004,94.99679,8.99873
283.5,-41.99997,118.31809,-27.00019,-32.99997,95.31809,8.99981
283.75,-41.99996,118.6394,-26.99961,-32.99996,95.6394,9.00039
284,-41.99984,118.96078,-26.99803,-32.99984,95.96078,9.00197
284.25,-41.99936,119.28268,-26.99276,-32.99936,96.28268,9.00724
284.5,-41.99816,119.60676,-26.97844,-32.99816,96.60676,9.02156
284.75,-41.99573,119.93791,-26.94741,-32.99573,96.93791,9.05259
285,-41.99168,120.28753,-26.89277,-32.99168,97.28753,9.10723
285.25,-41.98608,120.67734,-26.81459,-32.98608,97.67734,9.18541
285.5,-41.97988,121.14141,-26.72633,-32.97988,98.14141,9.27367
285.75,-41.97482,121.72306,-26.65403,-32.97482,98.72306,9.34597
286,-41.97266,122.46527,-26.62462,-32.97266,99.46527,9.37538
286.25,-41.97422,123.39725,-26.65004,-32.97422,100.39725,9.34996
286.5,-41.97891,124.52376,-26.71944,-32.97891,101.52376,9.28056
286.75,-41.98505,125.82358,-26.8065,-32.98505,102.82358,9.1935
287,-41.99087,127.25762,-26.88531,-32.99087,104.25762,9.11469
287.25,-41.99523,128.78196,-26.94182,-32.99523,105.78196,9.05818
287.5,-41.99788,130.35888,-26.97497,-32.99788,107.35888,9.02503
287.75,-41.99919,131.96213,-26.991,-32.99919,108.96213,9.009
288,-41.99973,133.5766,-26.99741,-32.99973,110.5766,9.00259
288.25,-41.99995,135.195,-26.99967,-32.99995,112.195,9.00033
288.5,-42.00014,136.81423,-27.00088,-33.00014,113.81423,8.99912
288.75,-42.00048,138.4325,-27.00282,-33.00048,115.4325,8.99718
289,-42.00108,140.04731,-27.0068,-33.00108,117.04731,8.9932
289.25,-42.00209,141.65345,-27.01374,-33.00209,118.65345,8.98626
289.5,-42.00438,143.23885,-27.02302,-33.00438,120.23885,8.97698
289.75,-42.01168,144.77576,-27.03022,-33.01168,121.77576,8.96978
290,-42.03618,146.20021,-27.02287,-33.03618,123.20021,8.97713
290.25,-42.10871,147.37651,-26.97468,-33.10871,124.37651,9.02532
290.5,-42.28992,148.05813,-26.83985,-33.28992,125.05813,9.16015
290.75,-42.67282,147.87993,-26.55274,-33.67282,124.87993,9.44726
291,-43.36273,146.43321,-26.04122,-34.36273,123.43321,9.95878
291.25,-44.42871,143.44723,-25.25754,-35.42871,120.44723,10.74246
291.5,-45.84335,139.0159,-24.21667,-36.84335,116.0159,11.78333
291.75,-47.45131,133.71755,-23.01621,-38.45131,110.71755,12.98379
292,-49.0031,128.49055,-21.8146,-40.0031,105.49055,14.1854
292.25,-50.24753,124.28773,-20.77226,-41.24753,101.28773,15.22774
292.5,-51.02897,121.71132,-19.99043,-42.02897,98.71132,16.00957
292.75,-51.32946,120.85233,-19.48502,-42.32946,97.85233,16.51498
293,-51.23929,121.39585,-19.20494,-42.23929,98.39585,16.79506
293.25,-50.89003,122.86663,-19.07312,-41.89003,99.86663,16.92688
293.5,-50.39694,124.84128,-19.02129,-41.39694,101.84128,16.97871
293.75,-49.83475,127.04054,-19.00477,-40.83475,104.04054,16.99523
294,-49.23994,129.31934,-19.00099,-40.23994,106.31934,16.99901
294.25,-48.61773,131.61226,-19.00239,-39.61773,108.61226,16.99761
294.5,-47.93298,133.87357,-19.01209,-38.93298,110.87357,16.98791
294.75,-47.06825,136.01887,-19.04584,-38.06825,113.01887,16.95416
295,-45.75519,137.86754,-19.13883,-36.75519,114.86754,16.86117
295.25,-43.52193,139.10066,-19.35046,-34.52193,116.10066,16.64954
295.5,-39.7376,139.2816,-19.75693,-30.7376,116.2816,16.24307
295.75,-33.82601,137.98627,-20.42348,-24.82601,114.98627,15.57652
296,-25.61265,135.02707,-21.36285,-16.61265,112.02707,14.63715
296.25,-15.60992,130.65137,-22.50489,-6.60992,107.65137,13.49511
296.5,-4.99299,125.55215,-23.70588,4.00701,102.55215,12.29412
296.75,4.80303,120.63274,-24.80067,13.80303,97.63274,11.19933
297,12.64688,116.65162,-25.66775,21.64688,93.65162,10.33225
297.25,18.08458,113.96893,-26.26628,27.08458,90.96893,9.73372
297.5,21.33395,112.52519,-26.62844,30.33395,89.52519,9.37156
297.75,22.99251,112.00684,-26.8229,31.99251,89.00684,9.1771
298,23.70212,112.05079,-26.91867,32.70212,89.05079,9.08133
298.25,23.94606,112.37488,-26.96637,32.94606,89.37488,9.03363
298.5,24.00546,112.81152,-26.99715,33.00546,89.81152,9.00285
298.75,24.00892,113.28187,-27.02838,33.00892,90.28187,8.97162
299,24.0016,113.7556,-27.06863,33.0016,90.7556,8.93137
299.25,23.99481,114.22112,-27.11793,32.99481,91.22112,8.88207
299.5,23.9901,114.67145,-27.1669,32.9901,91.67145,8.8331
299.75,23.98745,115.10053,-27.19971,32.98745,92.10053,8.80029
300,23.987,115.50413,-27.20338,32.987,92.50413,8.79662
300.25,23.98853,115.88184,-27.17655,32.98853,92.88184,8.82345
300.5,23.99128,116.23729,-27.13064,32.99128,93.23729,8.86936
300.75,23.99428,116.5766,-27.08232,32.99428,93.5766,8.91768
301,23.99675,116.90604,-27.04402,32.99675,93.90604,8.95598
301.25,23.99842,117.23042,-27.0198,32.99842,94.23042,8.9802
301.5,23.99935,117.55265,-27.00734,32.99935,94.55265,8.99266
301.75,23.9998,117.87418,-27.0022,32.9998,94.87418,8.9978
302,24,118.19552,-27.00053,33,95.19552,8.99947
302.25,24.00009,118.51682,-26.99997,33.00009,95.51682,9.00003
302.5,24.00021,118.83815,-26.99903,33.00021,95.83815,9.00097
302.75,24.00052,119.15973,-26.99562,33.00052,96.15973,9.00438
303,24.00135,119.48262,-26.98549,33.00135,96.48262,9.01451
303.25,24.00322,119.81014,-26.96176,33.00322,96.81014,9.03824
303.5,24.00664,120.15078,-26.91669,33.00664,97.15078,9.08331
303.75,24.01175,120.52191,-26.84679,33.01175,97.52191,9.15321
304,24.01793,120.95289,-26.75992,33.01793,97.95289,9.24008
304.25,24.02364,121.4843,-26.67806,33.02364,98.4843,9.32194
304.5,24.02702,122.16076,-26.62976,33.02702,99.16076,9.37024
304.75,24.0268,123.01829,-26.63431,33.0268,100.01829,9.36569
305,24.02312,124.07178,-26.68953,33.02312,101.07178,9.31047
305.25,24.01737,125.30939,-26.77332,33.01737,102.30939,9.22668
305.5,24.01138,126.69742,-26.85775,33.01138,103.69742,9.14225
305.75,24.00649,128.19224,-26.92353,33.00649,105.19224,9.07647
306,24.00322,129.75282,-26.96509,33.00322,106.75282,9.03491
306.25,24.00138,131.34834,-26.98664,33.00138,108.34834,9.01336
306.5,24.00052,132.95975,-26.99581,33.00052,109.95975,9.00419
306.75,24.00016,134.57722,-26.99908,33.00016,111.57722,9.00092
307,23.99998,136.19643,-27.00036,32.99998,113.19643,8.99964
307.25,23.99974,137.81532,-27.0018,32.99974,114.81532,8.9982
307.5,23.9993,139.43185,-27.00481,32.9993,116.43185,8.99519
307.75,23.99855,141.04215,-27.01052,32.99855,118.04215,8.98948
308,23.99784,142.63753,-27.01913,32.99784,119.63753,8.98087
308.25,23.9996,144.19793,-27.02805,32.9996,121.19793,8.97195
308.5,24.0127,145.67666,-27.02852,33.0127,122.67666,8.97148
308.75,24.0608,146.97033,-27.00027,33.0608,123.97033,8.99973
309,24.19355,147.87831,-26.90541,33.19355,124.87831,9.09459
309.25,24.49334,148.07724,-26.68516,33.49334,125.07724,9.31484
309.5,25.06468,147.15896,-26.26705,34.06468,124.15896,9.73295
309.75,25.99583,144.77324,-25.58952,34.99583,121.77324,10.41048
310,27.29953,140.85124,-24.6397,36.29953,117.85124,11.3603
310.25,28.86612,135.78647,-23.48377,37.86612,112.78647,12.51623
310.5,30.47175,130.41161,-22.26236,39.47175,107.41161,13.73764
310.75,31.85356,125.72161,-21.14314,40.85356,102.72161,14.85686
311,32.81294,122.48594,-20.25542,41.81294,99.48594,15.74458
311.25,33.28222,120.99151,-19.6477,42.28222,97.99151,16.3523
311.5,33.31945,121.05283,-19.29019,42.31945,98.05283,16.70981
311.75,33.04929,122.22586,-19.11081,42.04929,99.22586,16.88919
312,32.59767,124.04957,-19.03503,41.59767,101.04957,16.96497
312.25,32.05473,126.18652,-19.00872,41.05473,103.18652,16.99128
312.5,31.47019,128.44583,-19.00156,40.47019,105.44583,16.99844
312.75,30.86537,130.74079,-19.00034,39.86537,107.74079,16.99966
313,30.24502,133.03398,-19.00135,39.24502,110.03398,16.99865
313.25,29.59777,135.29033,-19.00618,38.59777,112.29033,16.99382
313.5,28.88028,137.41916,-19.02222,37.88028,114.43581,16.97778
313.75,27.98825,139.19739,-19.06607,36.98825,116.31404,16.93393
314,26.72794,140.21358,-19.1675,35.72794,117.65228,16.8325
314.25,24.81553,139.81744,-19.36922,33.81553,118.06678,16.63078
314.5,21.93609,137.29902,-19.7174,30.93609,117.14344,16.2826
314.75,17.87872,132.31024,-20.24062,26.87872,114.60841,15.75938
315,12.70827,125.28574,-20.92416,21.70827,110.53505,15.07584
315.25,6.85965,117.42684,-21.69736,15.85965,105.4512,14.30264
315.5,1.04249,110.1547,-22.45069,10.04249,100.21924,13.54931
315.75,-4.03547,104.46818,-23.07916,4.96453,95.70538,12.92084
316,-7.95839,100.67243,-23.52535,1.04161,92.43654,12.47465
316.25,-10.71283,98.51855,-23.7937,-1.71283,90.46774,12.2063
316.5,-12.5743,97.50964,-23.93138,-3.5743,89.50964,12.06862
316.75,-13.89485,97.17213,-23.99593,-4.89485,89.17213,12.00407
317,-14.94735,97.14559,-24.03174,-5.94735,89.14559,11.96826
317.25,-15.8847,97.25244,-24.0629,-6.8847,89.25244,11.9371
317.5,-16.77283,97.41488,-24.09605,-7.77283,89.41488,11.90395
317.75,-17.63696,97.60598,-24.1264,-8.63696,89.60598,11.8736
318,-18.4918,97.817,-24.14484,-9.4918,89.817,11.85516
318.25,-19.3517,98.04505,-24.14482,-10.3517,90.04505,11.85518
318.5,-20.23118,98.29036,-24.12719,-11.23118,90.29036,11.87281
318.75,-21.14165,98.55791,-24.10034,-12.14165,90.55791,11.89966
319,-22.08902,98.85909,-24.07613,-13.08902,90.85909,11.92387
319.25,-23.07188,99.21131,-24.06432,-14.07188,91.21131,11.93568
319.5,-24.08052,99.63289,-24.06854,-15.08052,91.63289,11.93146
319.75,-25.09844,100.13326,-24.08515,-16.09844,92.13326,11.91485
320,-26.10665,100.70385,-24.10503,-17.10665,92.70385,11.89497
320.25,-27.08894,101.31755,-24.11762,-18.08894,93.31755,11.88238
320.5,-28.03505,101.9392,-24.11593,-19.03505,93.9392,11.88407
320.75,-28.94073,102.54056,-24.09977,-19.94073,94.54056,11.90023
321,-29.80612,103.10975,-24.0754,-20.80612,95.10975,11.9246
321.25,-30.63371,103.65064,-24.05209,-21.63371,95.65064,11.94791
321.5,-31.42666,104.17505,-24.03822,-22.42666,96.17505,11.96178
321.75,-32.18705,104.6948,-24.03915,-23.18705,96.6948,11.96085
322,-32.91514,105.21755,-24.05639,-23.91514,97.21755,11.94361
322.25,-33.60979,105.74727,-24.08687,-24.60979,97.74727,11.91313
322.5,-34.27006,106.28734,-24.12203,-25.27006,98.28734,11.87797
322.75,-34.89679,106.84409,-24.14855,-25.89679,98.84409,11.85145
323,-35.49436,107.42836,-24.15244,-26.49436,99.42836,11.84756
323.25,-36.07225,108.05381,-24.12559,-27.07225,100.05381,11.87441
323.5,-36.64513,108.73276,-24.07082,-27.64513,100.73276,11.92918
323.75,-37.22987,109.4717,-24.00237,-28.22987,101.4717,11.99763
324,-37.83951,110.26876,-23.94087,-28.83951,102.26876,12.05913
324.25,-38.47688,111.11415,-23.90568,-29.47688,103.11415,12.09432
324.5,-39.13212,111.99346,-23.90742,-30.13212,103.99346,12.09258
324.75,-39.78626,112.89269,-23.94352,-30.78626,104.89269,12.05648
325,-40.41923,113.80314,-23.99844,-31.41923,105.80314,12.00156
325.25,-41.01719,114.72451,-24.04931,-32.01719,106.72451,11.95069
325.5,-41.57538,115.66479,-24.07539,-32.57538,107.66479,11.92461
325.75,-42.09651,116.63659,-24.06679,-33.09651,108.63659,11.93321
326,-42.5877,117.65103,-24.02782,-33.5877,109.65103,11.97218
326.25,-43.05781,118.71222,-23.9735,-34.05781,110.71222,12.0265
326.5,-43.51468,119.81483,-23.92165,-34.51468,111.81483,12.07835
326.75,-43.9616,120.94581,-23.88478,-34.9616,112.94581,12.11522
327,-44.39504,122.08919,-23.86567,-35.39504,114.08919,12.13433
327.25,-44.80553,123.23156,-23.85829,-35.80553,115.23156,12.14171
327.5,-45.18148,124.36603,-23.85314,-36.18148,116.36603,12.14686
327.75,-45.51346,125.49252,-23.84388,-36.51346,117.49252,12.15612
328,-45.79712,126.61387,-23.831,-36.79712,118.61387,12.169
328.25,-46.03403,127.73003,-23.82087,-37.03403,119.73003,12.17913
328.5,-46.23046,128.83462,-23.82145,-37.23046,120.83462,12.17855
328.75,-46.39398,129.91673,-23.8379,-37.39398,121.91673,12.1621
329,-46.52931,130.96726,-23.86996,-37.52931,122.96726,12.13004
329.25,-46.6353,131.98551,-23.91151,-37.6353,123.98551,12.08849
329.5,-46.70482,132.98217,-23.95242,-37.70482,124.98217,12.04758
329.75,-46.72778,133.97695,-23.98242,-37.72778,125.97695,12.01758
330,-46.69626,134.99202,-23.99595,-37.69626,126.99202,12.00405
330.25,-46.60917,136.04368,-23.99505,-37.60917,128.04368,12.00495
330.5,-46.4738,137.13476,-23.98844,-37.4738,129.13476,12.01156
330.75,-46.30275,138.25122,-23.9872,-37.30275,130.25122,12.0128
331,-46.10864,139.36544,-23.99976,-37.10864,131.36544,12.00024
331.25,-45.90016,140.44629,-24.02821,-36.90016,132.44629,11.97179
331.5,-45.68165,141.47161,-24.06736,-36.68165,133.47161,11.93264
331.75,-45.45444,142.43623,-24.10635,-36.45444,134.43623,11.89365
332,-45.2178,143.35108,-24.13295,-36.2178,135.35108,11.86705
332.25,-44.9692,144.23497,-24.13901,-35.9692,136.23497,11.86099
332.5,-44.70501,145.10483,-24.12436,-35.70501,137.10483,11.87564
332.75,-44.42257,145.9702,-24.09654,-35.42257,137.9702,11.90346
333,-44.12173,146.83323,-24.06687,-35.12173,138.83323,11.93313
333.25,-43.80438,147.69192,-24.04559,-34.80438,139.69192,11.95441
333.5,-43.47216,148.54289,-24.03902,-34.47216,140.54289,11.96098
333.75,-43.12428,149.3819,-24.04896,-34.12428,141.3819,11.95104
334,-42.75789,150.2034,-24.07282,-33.75789,142.2034,11.92718
334.25,-42.37055,151.0014,-24.10362,-33.37055,143.0014,11.89638
334.5,-41.96241,151.7721,-24.13106,-32.96241,143.7721,11.86894
334.75,-41.53589,152.51651,-24.14486,-32.53589,144.51651,11.85514
335,-41.09302,153.2406,-24.13946,-32.09302,145.2406,11.86054
335.25,-40.63347,153.95309,-24.11687,-31.63347,145.95309,11.88313
335.5,-40.15556,154.66267,-24.0855,-31.15556,146.66267,11.9145
335.75,-39.65896,155.37573,-24.05576,-30.65896,147.37573,11.94424
336,-39.14628,156.09474,-24.03601,-30.14628,148.09474,11.96399
336.25,-38.62198,156.81699,-24.03095,-29.62198,148.81699,11.96905
336.5,-38.09019,157.53492,-24.04216,-29.09019,149.53492,11.95784
336.75,-37.55331,158.23844,-24.06833,-28.55331,150.23844,11.93167
337,-37.01141,158.91838,-24.10445,-28.01141,150.91838,11.89555
337.25,-36.46192,159.569,-24.14116,-27.46192,151.569,11.85884
337.5,-35.89933,160.18889,-24.16671,-26.89933,152.18889,11.83329
337.75,-35.31615,160.78062,-24.17182,-26.31615,152.78062,11.82818
338,-34.70519,161.34966,-24.15454,-25.70519,153.34966,11.84546
338.25,-34.06223,161.90263,-24.12136,-25.06223,153.90263,11.87864
338.5,-33.3877,162.44545,-24.08362,-24.3877,154.44545,11.91638
338.75,-32.6871,162.98194,-24.0522,-23.6871,154.98194,11.9478
339,-31.96984,163.51336,-24.03407,-22.96984,155.51336,11.96593
339.25,-31.24658,164.03832,-24.03196,-22.24658,156.03832,11.96804
339.5,-30.52583,164.55314,-24.0455,-21.52583,156.55314,11.9545
339.75,-29.81132,165.05317,-24.07148,-20.81132,157.05317,11.92852
340,-29.10142,165.53507,-24.10323,-20.10142,157.53507,11.89677
340.25,-28.39024,165.99839,-24.13096,-19.39024,157.99839,11.86904
340.5,-27.66932,166.44462,-24.14477,-18.66932,158.44462,11.85523
340.75,-26.9297,166.87453,-24.13935,-17.9297,158.87453,11.86065
341,-26.16467,167.28661,-24.11692,-17.16467,159.28661,11.88308
341.25,-25.37216,167.67838,-24.08616,-16.37216,159.67838,11.91384
341.5,-24.55513,168.04909,-24.05795,-15.55513,160.04909,11.94205
341.75,-23.71935,168.40068,-24.04109,-14.71935,160.40068,11.95891
342,-22.87057,168.73606,-24.04023,-13.87057,160.73606,11.95977
342.25,-22.01344,169.0564,-24.05558,-13.01344,161.0564,11.94442
342.5,-21.15216,169.36017,-24.08297,-12.15216,161.36017,11.91703
342.75,-20.29102,169.64459,-24.11398,-11.29102,161.64459,11.88602
343,-19.43307,169.90776,-24.13781,-10.43307,161.90776,11.86219
343.25,-18.57752,170.14934,-24.14528,-9.57752,162.14934,11.85472
343.5,-17.71863,170.36923,-24.1333,-8.71863,162.36923,11.8667
343.75,-16.84778,170.56598,-24.10642,-7.84778,162.56598,11.89358
344,-15.95866,170.73213,-24.07419,-6.95866,162.73213,11.92581
344.25,-15.05235,170.84077,-24.0463,-6.05235,162.84077,11.9537
344.5,-14.13889,170.80707,-24.02914,-5.13889,162.80707,11.97086
344.75,-13.23413,170.41851,-24.02533,-4.23413,162.41851,11.97467
345,-12.35377,169.25862,-24.0347,-3.35377,161.25862,11.9653
345.25,-11.50786,166.69299,-24.05488,-2.50786,158.69299,11.94512
345.5,-10.69821,162.00837,-24.08069,-1.69821,154.00837,11.91931
345.75,-9.91884,154.73448,-24.1042,-0.91884,146.73448,11.8958
346,-9.15817,145.02454,-24.11699,-0.15817,137.02454,11.88301
346.25,-8.40168,133.8312,-24.11401,0.59832,125.8312,11.88599
346.5,-7.63445,122.6707,-24.09641,1.36555,114.6707,11.90359
346.75,-6.84341,113.04777,-24.07086,2.15659,105.04777,11.92914
347,-6.01982,105.8867,-24.04597,2.98018,97.8867,11.95403
347.25,-5.16158,101.31016,-24.02878,3.83842,93.31016,11.97122
347.5,-4.27468,98.82928,-24.02337,4.72532,90.82928,11.97663
347.75,-3.37229,97.72913,-24.03137,5.62771,89.72913,11.96863
348,-2.47059,97.38452,-24.05226,6.52941,89.38452,11.94774
348.25,-1.58261,97.3886,-24.08259,7.41739,89.3886,11.91741
348.5,-0.71301,97.53229,-24.11498,8.28699,89.53229,11.88502
348.75,0.14336,97.7291,-24.1394,9.14336,89.7291,11.8606
349,0.99887,97.94993,-24.14718,9.99887,89.94993,11.85282
349.25,1.8683,98.18777,-24.1359,10.8683,90.18777,11.8641
349.5,2.76461,98.44505,-24.11121,11.76461,90.44505,11.88879
349.75,3.69613,98.73043,-24.08433,12.69613,90.73043,11.91567
350,4.66458,99.05913,-24.06654,13.66458,91.05913,11.93346
350.25,5.66368,99.45006,-24.06431,14.66368,91.45006,11.93569
350.5,6.67942,99.91765,-24.07689,15.67942,91.91765,11.92311
350.75,7.69322,100.46142,-24.09701,16.69322,92.46142,11.90299
351,8.68719,101.06121,-24.11401,17.68719,93.06121,11.88599
351.25,9.64844,101.6834,-24.11881,18.64844,93.6834,11.88119
351.5,10.57043,102.29522,-24.1082,19.57043,94.29522,11.8918
351.75,11.45177,102.8776,-24.08607,20.45177,94.8776,11.91393
352,12.29424,103.42861,-24.061,21.29424,95.42861,11.939
352.25,13.1009,103.95794,-24.04219,22.1009,95.95794,11.95781
352.5,13.8744,104.47814,-24.03642,22.8744,96.47814,11.96358
352.75,14.61571,104.99874,-24.04685,23.61571,96.99874,11.95315
353,15.32414,105.5249,-24.07246,24.32414,97.5249,11.92754
353.25,15.99845,106.05975,-24.10708,24.99845,98.05975,11.89292
353.5,16.63851,106.60804,-24.13912,25.63851,98.60804,11.86088
353.75,17.24702,107.17877,-24.15415,26.24702,99.17877,11.84585
354,17.83121,107.78485,-24.14071,26.83121,99.78485,11.85929
354.25,18.40377,108.43975,-24.09656,27.40377,100.43975,11.90344
354.5,18.98119,109.15289,-24.03144,27.98119,101.15289,11.96856
354.75,19.5789,109.92599,-23.96421,28.5789,101.92599,12.03579
355,20.20464,110.75224,-23.91586,29.20464,102.75224,12.08414
355.25,20.85387,111.61857,-23.90146,29.85387,103.61857,12.09854
355.5,21.51067,112.51017,-23.92431,30.51067,104.51017,12.07569
355.75,22.15438,113.41568,-23.97393,31.15438,105.41568,12.02607
356,22.76788,114.33113,-24.02954,31.76788,106.33113,11.97046
356.25,23.34264,115.26135,-24.06825,32.34264,107.26135,11.93175
356.5,23.87859,116.21762,-24.07474,32.87859,108.21762,11.92526
356.75,24.3813,117.21245,-24.04732,33.3813,109.21245,11.95268
357,24.85914,118.25338,-23.99733,33.85914,110.25338,12.00267
357.25,25.32071,119.33905,-23.94251,34.32071,111.33905,12.05749
357.5,25.77164,120.45919,-23.89839,34.77164,112.45919,12.10161
357.75,26.21145,121.59841,-23.87206,35.21145,113.59841,12.12794
358,26.63293,122.74165,-23.86077,35.63293,114.74165,12.13923
358.25,27.02485,123.87904,-23.8557,36.02485,115.87904,12.1443
358.5,27.37643,125.00788,-23.84851,36.37643,117.00788,12.15149
358.75,27.68092,126.13042,-23.83663,36.68092,118.13042,12.16337
359,27.93736,127.24844,-23.82423,36.93736,119.24844,12.17577
359.25,28.15024,128.35825,-23.81917,37.15024,120.35825,12.18083
359.5,28.327,129.45016,-23.8283,37.327,121.45016,12.1717
359.75,28.47412,130.51325,-23.85397,37.47412,122.51325,12.14603
360,28.59332,131.5425,-23.89258,37.59332,123.5425,12.10742
360.25,28.68002,132.54367,-23.93532,37.68002,124.54367,12.06468
360.5,28.72497,133.53316,-23.97134,37.72497,125.53316,12.02866
360.75,28.71861,134.53301,-23.99243,37.71861,126.53301,12.00757
361,28.65633,135.56316,-23.9971,37.65633,127.56316,12.0029
361.25,28.54173,136.6333,-23.99145,37.54173,128.6333,12.00855
361.5,28.38561,137.73727,-23.98616,37.38561,129.73727,12.01384
361.75,28.20122,138.85297,-23.99147,37.20122,130.85297,12.00853
362,27.99926,139.94949,-24.01268,36.99926,131.94949,11.98732
362.25,27.78588,140.99912,-24.04799,36.78588,132.99912,11.95201
362.5,27.56353,141.98827,-24.08884,36.56353,133.98827,11.91116
362.75,27.3324,142.92096,-24.12294,36.3324,134.92096,11.87706
363,27.09081,143.8136,-24.13948,36.09081,135.8136,11.86052
363.25,26.83549,144.68506,-24.13417,35.83549,136.68506,11.86583
363.5,26.56304,145.54871,-24.11118,35.56304,137.54871,11.88882
363.75,26.27199,146.40988,-24.0807,35.27199,138.40988,11.9193
364,25.96351,147.26807,-24.05405,34.96351,139.26807,11.94595
364.25,25.63973,148.12038,-24.03965,34.63973,140.12038,11.96035
364.5,25.30123,148.96309,-24.04148,34.30123,140.96309,11.95852
364.75,24.94593,149.79139,-24.05909,33.94593,141.79139,11.94091
365,24.57073,150.59929,-24.08767,33.57073,142.59929,11.91233
365.25,24.1743,151.38147,-24.11838,33.1743,143.38147,11.88162
365.5,23.75819,152.13625,-24.14039,32.75819,144.13625,11.85961
365.75,23.32509,152.86717,-24.14519,32.32509,144.86717,11.85481
366,22.876,153.58185,-24.13075,31.876,145.58185,11.86925
366.25,22.40958,154.28926,-24.10261,31.40958,146.28926,11.89739
366.5,21.9244,154.99722,-24.07072,30.9244,146.99722,11.92928
366.75,21.42148,155.71048,-24.04482,30.42148,147.71048,11.95518
367,20.90456,156.42921,-24.03148,29.90456,148.42921,11.96852
367.25,20.3782,157.1483,-24.03379,29.3782,149.1483,11.96621
367.5,19.84582,157.85863,-24.0521,28.84582,149.85863,11.9479
367.75,19.30875,158.55016,-24.08367,28.30875,150.55016,11.91633
368,18.76594,159.21511,-24.12158,27.76594,151.21511,11.87842
368.25,18.21348,159.84972,-24.15494,27.21348,151.84972,11.84506
368.5,17.64481,160.45445,-24.17237,26.64481,152.45445,11.82763
368.75,17.05229,161.03326,-24.16734,26.05229,153.03326,11.83266
369,16.42979,161.59233,-24.14177,25.42979,153.59233,11.85823
369.25,15.77501,162.13816,-24.10496,24.77501,154.13816,11.89504
369.5,15.09059,162.67589,-24.06865,24.09059,154.67589,11.93135
369.75,14.38387,163.20828,-24.04222,23.38387,155.20828,11.95778
370,13.66516,163.73546,-24.03067,22.66516,155.73546,11.96933
370.25,12.94458,164.25495,-24.03527,21.94458,156.25495,11.96473
370.5,12.22882,164.76243,-24.05459,21.22882,156.76243,11.94541
370.75,11.51929,165.25347,-24.08414,20.51929,157.25347,11.91586
371,10.81243,165.72588,-24.11579,19.81243,157.72588,11.88421
371.25,10.10109,166.18036,-24.13914,19.10109,158.18036,11.86086
371.5,9.37635,166.61854,-24.14548,18.37635,158.61854,11.85452
371.75,8.62984,167.04033,-24.1324,17.62984,159.04033,11.8676
372,7.85653,167.44345,-24.10517,16.85653,159.44345,11.89483
372.25,7.0565,167.8257,-24.07404,16.0565,159.8257,11.92596
372.5,6.23418,168.18735,-24.04946,15.23418,160.18735,11.95054
372.75,5.39561,168.53109,-24.03856,14.39561,160.53109,11.96144
373,4.54606,168.85949,-24.04416,13.54606,160.85949,11.95584
373.25,3.68982,169.17278,-24.06481,12.68982,161.17278,11.93519
373.5,2.83111,169.4687,-24.09479,11.83111,161.4687,11.90521
373.75,1.97402,169.74457,-24.12451,10.97402,161.74457,11.87549
374,1.12045,169.99903,-24.1432,10.12045,161.99903,11.8568
374.25,0.26782,170.23202,-24.14349,9.26782,162.23202,11.85651
374.5,-0.59111,170.44328,-24.12518,8.40889,162.44328,11.87482
374.75,-1.46461,170.63185,-24.0953,7.53539,162.63185,11.9047
375,-2.35615,170.79813,-24.06431,6.64385,162.79813,11.93569
375.25,-3.25978,170.94697,-24.04154,5.74022,162.94697,11.95846
375.5,-4.15954,171.08925,-24.03284,4.84046,163.08925,11.96716
375.75,-5.03307,171.24073,-24.04105,3.96693,163.24073,11.95895
376,-5.85665,171.41933,-24.06712,3.14335,163.41933,11.93288
376.25,-6.60848,171.64204,-24.10975,2.39152,163.64204,11.89025
376.5,-7.26926,171.92102,-24.16305,1.73074,163.92102,11.83695
376.75,-7.82229,172.25857,-24.21373,1.17771,164.25857,11.78627
377,-8.25601,172.64357,-24.24109,0.74399,164.64357,11.75891
377.25,-8.56899,173.05427,-24.2238,0.43101,165.05427,11.7762
377.5,-8.77339,173.46828,-24.15319,0.22661,165.46828,11.84681
377.75,-8.89394,173.87204,-24.04574,0.10606,165.87204,11.95426
378,-8.9638,174.25692,-23.94503,0.0362,166.25692,12.05497
378.25,-9.02497,174.58906,-23.91649,-0.02497,166.58906,12.08351
378.5,-9.16166,174.76155,-24.02761,-0.1408,166.74601,11.94497
378.75,-9.54973,174.53728,-24.35802,-0.42062,166.4284,11.47744
379,-10.49729,173.48955,-25.02374,-1.04179,165.08009,10.3967
379.25,-12.4732,171.05212,-26.15734,-2.24214,161.88607,8.27507
379.5,-15.89867,166.5881,-28.00347,-4.25433,155.93332,4.62019
379.75,-20.75519,159.53115,-31.02052,-7.173,146.5862,-0.91108
380,-26.30533,149.68881,-35.73604,-10.80162,133.98945,-8.21797
380.25,-31.3084,137.66828,-42.23322,-14.59426,119.37887,-16.57647
380.5,-34.6393,125.03898,-49.72081,-17.79212,104.8454,-24.78311
380.75,-35.76545,113.81429,-56.80521,-19.72142,92.52624,-31.63139
381,-34.75142,105.48284,-62.32197,-20.06395,83.703,-36.43078
381.25,-31.97215,100.37618,-65.9246,-18.91385,78.4236,-39.20801
381.5,-27.83678,97.82921,-67.98738,-16.60995,75.82921,-40.49693
381.75,-22.63604,96.81518,-69.13318,-13.5077,74.81518,-40.94601
382,-16.58238,96.52524,-69.79001,-9.85604,74.52524,-41.03796
382.25,-9.82128,96.48313,-70.18622,-5.81391,74.48313,-41.02711
382.5,-2.58119,96.49295,-70.36638,-1.52467,74.49295,-41.00798
382.75,4.81114,96.49972,-70.31765,2.84287,74.49972,-41.00051
383,12.00319,96.49283,-70.04351,7.11536,74.49283,-41.00571
383.25,18.73332,96.46133,-69.58407,11.17138,74.46133,-41.0283
383.5,24.91115,96.37374,-69.002,14.98396,74.37374,-41.0817
383.75,30.62051,96.17603,-68.34732,18.62296,74.17603,-41.17564
384,36.05357,95.80392,-67.61487,22.21543,73.80392,-41.28846
384.25,41.41091,95.21563,-66.70471,25.87816,73.21563,-41.32941
384.5,46.7911,94.4389,-65.41075,29.63663,72.4389,-41.11611
384.75,52.10653,93.59982,-63.47045,33.36337,71.59982,-40.40427
385,57.07503,92.90083,-60.67553,36.78062,70.90083,-38.97828
385.25,61.3202,92.54422,-56.98612,39.55264,70.54422,-36.75838
385.5,64.54425,92.63868,-52.56553,41.43302,70.63868,-33.85011
385.75,66.67283,93.14884,-47.70154,42.3802,71.14884,-30.49539
386,67.88339,93.91584,-42.66416,42.57044,71.91584,-26.95794
386.25,68.50718,94.73399,-37.58923,42.30588,72.73399,-23.41638
386.5,68.87744,95.43554,-32.44392,41.88326,73.43554,-19.91832
386.75,69.21472,95.93826,-27.06893,41.5013,73.93826,-16.39992
387,69.59295,96.24373,-21.26347,41.23989,74.24373,-12.7441
387.25,69.97281,96.40166,-14.88622,41.09505,74.40166,-8.85163
387.5,70.26309,96.47054,-7.94304,41.0291,74.47054,-4.70009
387.75,70.37644,96.49493,-0.62333,41.00506,74.49493,-0.36822
388,70.26602,96.49889,6.74915,41.00075,74.49889,3.99032
388.25,69.93765,96.48727,13.83819,41.00976,74.48727,8.21393
388.5,69.43962,96.4452,20.42235,41.03908,74.4452,12.20333
388.75,68.83498,96.33482,26.46116,41.10288,74.33482,15.95933
389,68.16335,96.09708,32.0763,41.20598,74.09708,19.57271
389.25,67.39791,95.66919,37.47318,41.31228,73.66919,23.17559
389.5,66.40979,95.02325,42.83544,41.30743,73.02325,26.86813
389.75,64.97041,94.21222,48.21732,40.98707,72.21222,30.63876
390,62.81913,93.38772,53.47532,40.10357,71.38772,34.31568
390.25,59.78271,92.76184,58.28832,38.46765,70.76184,37.59331
390.5,55.87621,92.52054,62.28348,36.04756,70.52054,40.14515
390.75,51.30791,92.7361,65.21242,32.99384,70.7361,41.77167
391,46.37581,93.33507,67.07059,29.56682,71.33507,42.49281
391.25,41.32337,94.13697,68.08953,26.01654,72.13697,42.53023
391.5,36.24135,94.9386,68.61582,22.48831,72.9386,42.1971
391.75,31.0557,95.59211,68.96126,18.99545,73.59211,41.77063
392,25.5856,96.03928,69.30808,15.45264,74.03928,41.4175
392.25,19.63583,96.29883,69.695,11.74048,74.29883,41.19052
392.5,13.09791,96.4266,70.0622,7.77595,74.4266,41.07178
392.75,6.02746,96.47947,70.31389,3.5639,74.47947,41.02069
393,-1.34135,96.4968,70.37053,-0.79204,74.4968,41.00338
393.25,-8.66861,96.49722,70.19921,-5.12906,74.49722,41.00217
393.5,-15.63875,96.4802,69.81921,-9.29667,74.4802,41.01483
393.75,-22.07566,96.42496,69.2862,-13.2205,74.42496,41.05134
394,-27.98629,96.28742,68.66114,-16.92769,74.28742,41.1256
394.25,-33.52278,96.00533,67.97035,-20.52535,74.00533,41.23515
394.5,-38.89505,95.52086,67.16269,-24.14458,73.52086,41.32652
394.75,-44.26231,94.82348,66.08042,-27.86335,72.82348,41.26082
395,-49.63123,93.9921,64.47685,-31.63067,71.9921,40.81494
395.25,-54.80601,93.19981,62.10163,-35.23379,71.19981,39.74539
395.5,-59.43648,92.66087,58.82438,-38.34819,70.66087,37.89697
395.75,-63.16558,92.53829,54.71609,-40.667,70.53829,35.28814
396,-65.8018,92.86639,50.02229,-42.04343,70.86639,32.10882
396.25,-67.40916,93.53747,45.03973,-42.557,71.53747,28.62821
396.5,-68.26435,94.35635,39.97723,-42.46651,72.35635,25.07506
396.75,-68.71789,95.12849,34.87981,-42.08646,73.12849,21.55951
397,-69.05255,95.72877,29.63823,-41.66855,73.72877,18.06412
397.25,-69.41074,96.12226,24.05863,-41.34702,74.12226,14.48793
397.5,-69.79982,96.34137,17.95922,-41.15133,74.34137,10.71472
397.75,-70.14523,96.44448,11.26868,-41.05416,74.44448,6.68073
398,-70.35148,96.48469,4.09124,-41.01498,74.48469,2.41755
398.25,-70.34884,96.49608,-3.3006,-41.00326,74.49608,-1.94973
398.5,-70.11155,96.49519,-10.55453,-40.99838,74.49519,-6.2491
398.75,-69.64194,96.48892,-17.35813,-40.97219,74.48892,-10.32153
399,-68.91054,96.48922,-23.50582,-40.84597,74.48922,-14.04333
399.25,-67.74943,96.53801,-28.88287,-40.42234,74.5369,-17.28385
399.5,-65.74493,96.7407,-33.38206,-39.31479,74.73293,-19.81772
399.75,-62.21187,97.28593,-36.83401,-36.94711,75.25669,-21.26157
400,-56.34358,98.41691,-39.06381,-32.71958,76.33362,-21.12466
400.25,-47.6741,100.32065,-39.95272,-26.35307,78.13102,-19.00964
400.5,-36.64229,102.97935,-39.44971,-18.23677,80.62614,-14.87628
400.75,-24.78362,106.09775,-37.5599,-9.49269,83.54779,-9.18199
401,-14.20183,109.19456,-34.43436,-1.62152,86.4596,-2.76918
401.25,-6.60662,111.81636,-30.50835,4.08561,88.94539,3.44192
401.5,-2.65454,113.71973,-26.46375,6.99477,90.77058,8.74888
401.75,-1.99155,114.90913,-22.97623,7.2035,91.92485,12.7868
402,-3.73907,115.5486,-20.48335,5.30089,92.55198,15.46781
402.25,-6.95597,115.84209,-19.14992,2.04403,92.84209,16.85008
402.5,-10.87026,115.95447,-18.96265,-1.87026,92.95447,17.03735
402.75,-14.8975,115.98993,-19.86203,-5.8975,92.98993,16.13797
403,-18.64436,115.99854,-21.73391,-9.64436,92.99854,14.26609
403.25,-21.83391,115.99994,-24.44316,-12.83391,92.99994,11.55684
403.5,-24.27407,116,-27.82161,-15.27407,93,8.17839
403.75,-25.8394,116,-31.66624,-16.8394,93,4.33376
404,-26.46285,116,-35.74793,-17.46285,93,0.25207
404.25,-26.13083,116,-39.82826,-17.13083,93,-3.82826
404.5,-24.87809,116,-43.67912,-15.87809,93,-7.67912
404.75,-22.78014,116,-47.09782,-13.78014,93,-11.09782
405,-19.94644,116,-49.91427,-10.94644,93,-13.91427
405.25,-16.52079,116,-51.99196,-7.52079,93,-15.99196
405.5,-12.68894,116,-53.22828,-3.68894,93,-17.22828
405.75,-8.69092,116,-53.5572,0.30908,93,-17.5572
406,-4.83078,116,-52.95971,4.16922,93,-16.95971
406.25,-1.47191,116,-51.48088,7.52809,93,-15.48088
406.5,0.99746,116,-49.25145,9.99746,93,-13.25145
406.75,2.24914,116,-46.50607,11.24914,93,-10.50607
407,2.14637,116,-43.57741,11.14637,93,-7.57741
407.25,0.86588,116,-40.84406,9.86588,93,-4.84406
407.5,-1.07987,116,-38.63064,7.92013,93,-2.63064
407.75,-2.97427,116,-37.09428,6.02573,93,-1.09428
408,-4.14372,116,-36.14867,4.85628,93,-0.14867
408.25,-4.21484,116,-35.47326,4.78516,93,0.52674
408.5,-3.26714,116,-34.62776,5.73286,93,1.37224
408.75,-1.80779,116,-33.24271,7.19221,93,2.75729
409,-0.56785,116,-31.19631,8.43215,93,4.80369
409.25,-0.21058,116,-28.67572,8.78942,93,7.32428
409.5,-1.09743,116,-26.08974,7.90257,93,9.91026
409.75,-3.21899,116,-23.89948,5.78101,93,12.10052
410,-6.28275,116,-22.47364,2.71725,93,13.52636
410.25,-9.86396,116,-22.02622,-0.86396,93,13.97378
410.5,-13.5306,116,-22.62561,-4.5306,93,13.37439
410.75,-16.91028,116,-24.2319,-7.91028,93,11.7681
411,-19.71233,116,-26.729,-10.71233,93,9.271
411.25,-21.72543,116,-29.93971,-12.72543,93,6.06029
411.5,-22.81053,116,-33.62935,-13.81053,93,2.37065
411.75,-22.89793,116,-37.51447,-13.89793,93,-1.51447
412,-21.98668,116,-41.28663,-12.98668,93,-5.28663
412.25,-20.14431,116,-44.64699,-11.14431,93,-8.64699
412.5,-17.50503,116,-47.34005,-8.50503,93,-11.34005
412.75,-14.2699,116,-49.1722,-5.2699,93,-13.1722
413,-10.71488,116,-50.01817,-1.71488,93,-14.01817
413.25,-7.19774,116,-49.82703,1.80226,93,-13.82703
413.5,-4.14505,116,-48.63881,4.85495,93,-12.63881
413.75,-1.99269,116,-46.61023,7.00731,93,-10.61023
414,-1.06996,116,-44.02849,7.93004,93,-8.02849
414.25,-1.46616,116,-41.28658,7.53384,93,-5.28658
414.5,-2.95698,116,-38.80782,6.04302,93,-2.80782
414.75,-5.0605,116,-36.93641,3.9395,93,-0.93641
415,-7.21165,116,-35.83724,1.78835,93,0.16276
415.25,-8.96512,116,-35.45513,0.03488,93,0.54487
415.5,-10.11644,116,-35.55873,-1.11644,93,0.44127
415.75,-10.69433,116,-35.85151,-1.69433,93,0.14849
416,-10.85937,116,-36.09139,-1.85937,93,-0.09139
416.25,-10.78915,116,-36.16249,-1.78915,93,-0.16249
416.5,-10.61016,116,-36.07614,-1.61016,93,-0.07614
416.75,-10.38844,116,-35.91932,-1.38844,93,0.08068
417,-10.15344,116,-35.78532,-1.15344,93,0.21468
417.25,-9.91988,116,-35.72182,-0.91988,93,0.27818
417.5,-9.69286,116,-35.7167,-0.69286,93,0.2833
417.75,-9.45674,116,-35.72168,-0.45674,93,0.27832
418,-9.16939,116,-35.6834,-0.16939,93,0.3166
418.25,-8.78081,116,-35.55281,0.21919,93,0.44719
418.5,-8.28318,116,-35.2743,0.71682,93,0.7257
418.75,-7.76567,116,-34.79146,1.23433,93,1.20854
419,-7.42288,116,-34.09541,1.57712,93,1.90459
419.25,-7.48508,116,-33.28735,1.51492,93,2.71265
419.5,-8.09353,116,-32.59645,0.90647,93,3.40355
419.75,-9.19437,116,-32.31312,-0.19437,93,3.68688
420,-10.52275,116.00002,-32.66439,-1.52275,93.00002,3.33561
420.25,-11.69271,116.00024,-33.70098,-2.69271,93.00024,2.29902
420.5,-12.34675,116.0014,-35.2611,-3.34675,93.0014,0.7389
420.75,-12.29673,116.00579,-37.03111,-3.29673,93.00579,-1.03111
421,-11.58443,116.01783,-38.67284,-2.59602,93.01894,-2.67954
421.25,-10.41668,116.04372,-39.95771,-1.51037,93.05149,-4.0062
421.5,-8.99073,116.09036,-40.83856,-0.38464,93.11961,-5.03267
421.75,-7.21581,116.15861,-41.36316,0.54945,93.2419,-5.96578
422,-4.57018,116.24211,-41.47177,1.32626,93.43173,-7.01707
422.25,-0.30976,116.33406,-40.76504,2.23755,93.68727,-8.15758
422.5,5.9467,116.4357,-38.39439,3.60867,93.98565,-8.97468
422.75,13.57695,116.55236,-33.21642,5.46641,94.28732,-8.78946
423,20.7274,116.67916,-24.35302,7.34082,94.55013,-7.04048
423.25,24.79268,116.79548,-12.05629,8.40006,94.74462,-3.72507
423.5,23.54051,116.87733,1.65407,7.88999,94.86049,0.40749
423.75,16.37377,116.91289,13.28098,5.61604,94.90173,4.09316
424,4.992,116.9066,19.19965,2.14417,94.87736,6.13111
424.25,-7.10664,116.88017,17.33548,-1.43557,94.79688,5.97091
424.5,-16.23345,116.86213,8.25411,-4.05058,94.67251,3.94683
424.75,-20.36191,116.87597,-5.07904,-5.14913,94.52276,1.02397
425,-19.90585,116.92094,-18.69189,-4.85783,94.37098,-1.74652
425.25,-16.95737,116.97355,-29.42501,-3.7501,94.23859,-3.69167
425.5,-13.69977,117.00917,-36.05719,-2.45542,94.1382,-4.65051
425.75,-11.31858,117.0208,-39.14758,-1.38414,94.07165,-4.81489
426,-9.97266,117.01724,-40.01659,-0.67396,94.03296,-4.48495
426.25,-9.34549,117.00991,-39.82151,-0.28184,94.0133,-3.90805
426.5,-9.09985,117.00462,-39.23286,-0.09985,94.00462,-3.23286
426.75,-9.02923,117.00134,-38.52813,-0.02923,94.00134,-2.52813
427,-9.0068,117.00031,-37.81749,-0.0068,94.00031,-1.81749
427.25,-9.00118,117.00005,-37.10653,-0.00118,94.00005,-1.10653
427.5,-8.99991,117,-36.3959,0.00009,94,-0.3959
427.75,-8.9993,117,-35.68548,0.0007,94,0.31452
428,-8.9987,117.00007,-34.97608,0.0013,94.00007,1.02392
428.25,-8.99832,117.00052,-34.27227,0.00168,94.00052,1.72773
428.5,-8.99832,117.00236,-33.58937,0.00168,94.00236,2.41063
428.75,-8.99864,117.00819,-32.96641,0.00136,94.00819,3.03359
429,-8.99913,117.02322,-32.48127,0.00087,94.02322,3.51873
429.25,-8.99956,117.05557,-32.256,0.00044,94.05557,3.744
429.5,-8.99983,117.11481,-32.43412,0.00017,94.11481,3.56588
429.75,-8.99998,117.20796,-33.12079,0.00002,94.20796,2.87921
430,-9.00013,117.33433,-34.30585,-0.00013,94.33433,1.69415
430.25,-9.00042,117.48265,-35.82006,-0.00042,94.48265,0.17994
430.5,-9.00086,117.6334,-37.37088,-0.00086,94.6334,-1.37088
430.75,-9.00136,117.76613,-38.65123,-0.00136,94.76613,-2.65123
431,-9.00165,117.86725,-39.45754,-0.00165,94.86725,-3.45754
431.25,-9.00156,117.93377,-39.74491,-0.00156,94.93377,-3.74491
431.5,-9.00101,117.97138,-39.59877,-0.00101,94.97138,-3.59877
431.75,-9.00015,117.98951,-39.16041,-0.00015,94.98951,-3.16041
432,-8.99934,117.99684,-38.56013,0.00066,94.99684,-2.56013
432.25,-8.99885,117.99926,-37.88615,0.00115,94.99926,-1.88615
432.5,-8.9988,117.99988,-37.18506,0.0012,94.99988,-1.18506
432.75,-8.99902,117.99999,-36.47624,0.00098,94.99999,-0.47624
433,-8.99929,118,-35.76587,0.00071,95,0.23413
433.25,-8.99937,118.00006,-35.05608,0.00063,95.00006,0.94392
433.5,-8.99891,118.00043,-34.35037,0.00109,95.00043,1.64963
433.75,-8.99724,118.00201,-33.66034,0.00276,95.00201,2.33966
434,-8.99286,118.00719,-33.01626,0.00714,95.00719,2.98374
434.25,-8.98344,118.0208,-32.47985,0.01656,95.0208,3.52015
434.5,-8.96664,118.05069,-32.14988,0.03336,95.05069,3.85012
434.75,-8.94198,118.10641,-32.14525,0.05802,95.10641,3.85475
435,-8.913,118.19553,-32.55643,0.087,95.19553,3.44357
435.25,-8.88748,118.31849,-33.3797,0.11252,95.31849,2.6203
435.5,-8.87441,118.46519,-34.47592,0.12559,95.46519,1.52408
435.75,-8.87905,118.61675,-35.5957,0.12095,95.61675,0.4043
436,-8.89956,118.7524,-36.47048,0.10044,95.7524,-0.47048
436.25,-8.92822,118.85766,-36.91811,0.07178,95.85766,-0.91811
436.5,-8.95599,118.92893,-36.89978,0.04401,95.92893,-0.89978
436.75,-8.97702,118.9729,-36.50749,0.02298,95.9729,-0.50749
437,-8.98991,119.00267,-35.91069,0.01009,96.00267,0.08931
437.25,-8.99636,119.03397,-35.30423,0.00364,96.03397,0.69577
437.5,-8.99897,119.08228,-34.87278,0.00103,96.08228,1.12722
437.75,-8.99979,119.15981,-34.75834,0.00021,96.15981,1.24166
438,-8.99995,119.27152,-35.01858,0.00005,96.27152,0.98142
438.25,-8.99994,119.41163,-35.59098,0.00006,96.41163,0.40902
438.5,-8.99993,119.56394,-36.29748,0.00007,96.56394,-0.29748
438.75,-8.99994,119.70736,-36.90631,0.00006,96.70736,-0.90631
439,-8.99997,119.8244,-37.22486,0.00003,96.8244,-1.22486
439.25,-9.00001,119.90741,-37.1691,-0.00001,96.90741,-1.1691
439.5,-9.00004,119.95977,-36.77627,-0.00004,96.95977,-0.77627
439.75,-9.00002,119.99281,-36.17101,-0.00002,96.99281,-0.17101
440,-8.99998,120.02172,-35.52029,0.00002,97.02172,0.47971
440.25,-8.99992,120.06235,-34.99864,0.00008,97.06235,1.00136
440.5,-8.99987,120.12849,-34.75753,0.00013,97.12849,1.24247
440.75,-8.99985,120.22814,-34.88498,0.00015,97.22814,1.11502
441,-8.99987,120.35955,-35.36171,0.00013,97.35955,0.63829
441.25,-8.99991,120.50983,-36.04596,0.00009,97.50983,-0.04596
441.5,-8.99996,120.65872,-36.71497,0.00004,97.65872,-0.71497
441.75,-8.99998,120.78654,-37.15205,0.00002,97.78654,-1.15205
442,-8.99988,120.88173,-37.22995,0.00012,97.88173,-1.22995
442.25,-8.99939,120.94398,-36.94421,0.00061,97.94398,-0.94421
442.5,-8.99795,120.98227,-36.39109,0.00205,97.98227,-0.39109
442.75,-8.99466,121.01082,-35.72121,0.00534,98.01082,0.27879
443,-8.98859,121.04556,-35.09948,0.01141,98.04556,0.90052
443.25,-8.97948,121.10136,-34.6756,0.02052,98.10136,1.3244
443.5,-8.96851,121.18877,-34.55136,0.03149,98.18877,1.44864
443.75,-8.95854,121.30997,-34.74199,0.04146,98.30997,1.25801
444,-8.95301,121.45629,-35.15394,0.04699,98.45629,0.84606
444.25,-8.9541,121.6106,-35.61122,0.0459,98.6106,0.38878
444.5,-8.96135,121.75507,-35.93347,0.03865,98.75507,0.06653
444.75,-8.97196,121.88036,-36.02644,0.02804,98.88036,-0.02644
445,-8.9825,121.99029,-35.92696,0.0175,98.99029,0.07304
445.25,-8.99066,122.09875,-35.77198,0.00934,99.09875,0.22802
445.5,-8.99576,122.22065,-35.71024,0.00424,99.22065,0.28976
445.75,-8.99838,122.36224,-35.81069,0.00162,99.36224,0.18931
446,-8.99948,122.51709,-36.02357,0.00052,99.51709,-0.02357
446.25,-8.99986,122.67015,-36.21787,0.00014,99.67015,-0.21787
446.5,-8.99999,122.80755,-36.27048,0.00001,99.80755,-0.27048
446.75,-9.00004,122.92555,-36.14836,-0.00004,99.92555,-0.14836
447,-9.00005,123.03293,-35.9306,-0.00005,100.03293,0.0694
447.25,-9.00005,123.14527,-35.75743,-0.00005,100.14527,0.24257
447.5,-9.00035,123.2751,-35.7404,-0.00035,100.2751,0.2596
447.75,-9.00216,123.4243,-35.88983,-0.00216,100.4243,0.11017
448,-9.00861,123.58422,-36.10592,-0.00861,100.58422,-0.10592
448.25,-9.02533,123.74454,-36.23944,-0.02533,100.74454,-0.23944
448.5,-9.05722,123.90571,-36.18274,-0.05722,100.90571,-0.18274
448.75,-9.09795,124.08658,-35.93268,-0.09795,101.08658,0.06732
449,-9.11168,124.32063,-35.58967,-0.11168,101.32063,0.41033
449.25,-9.01629,124.64091,-35.29942,-0.01629,101.64091,0.70058
449.5,-8.68821,125.06226,-35.1768,0.31179,102.06226,0.8232
449.75,-8.007,125.57436,-35.25436,0.9931,102.57444,0.74583
450,-6.92934,126.15275,-35.48064,2.07166,103.15352,0.52113
450.25,-5.54421,126.77862,-35.76267,3.46067,103.78239,0.24597
450.5,-4.06411,127.44595,-36.0231,4.95318,104.45932,0.00755
450.75,-2.75378,128.14276,-36.23858,6.29555,105.18088,-0.15113
451,-1.84869,128.81716,-36.4437,7.26961,105.90858,-0.23398
451.25,-1.51078,129.35626,-36.713,7.73441,106.54573,-0.27834
451.5,-1.8209,129.60203,-37.14329,7.62858,106.94936,-0.34649
451.75,-2.7755,129.40564,-37.84876,6.96864,106.98066,-0.52959
452,-4.27419,128.6955,-38.95953,5.85983,106.57179,-0.94923
452.25,-6.12166,127.5212,-40.59819,4.49566,105.77095,-1.73111
452.5,-8.07173,126.04828,-42.81671,3.11668,104.73933,-2.93725
452.75,-9.90475,124.50885,-45.51609,1.9352,103.70336,-4.48163
453,-11.49459,123.13534,-48.41179,1.06942,102.88935,-6.09377
453.25,-12.82646,122.10483,-51.10443,0.52605,102.46814,-7.38861
453.5,-13.96299,121.50719,-53.23771,0.23443,102.52338,-8.0241
453.75,-14.99031,121.34085,-54.65278,0.10035,103.04727,-7.85569
454,-15.97782,121.53444,-55.43886,0.04638,103.96223,-6.98688
454.25,-16.96419,121.98435,-55.85427,0.02575,105.1584,-5.69028
454.5,-17.96287,122.59096,-56.1811,0.017,106.52995,-4.26224
454.75,-18.9734,123.27961,-56.60689,0.0125,107.99599,-2.90461
455,-19.9901,124.00376,-57.19016,0.0099,109.50376,-1.69016
455.25,-21.00579,124.73807,-57.89978,0.0083,111.02169,-0.60207
455.5,-22.0129,125.46921,-58.67656,0.00723,112.53022,0.40458
455.75,-23.00367,126.18913,-59.47245,0.00638,114.01508,1.36355
456,-23.9702,126.8915,-60.25937,0.00561,115.46371,2.28865
456.25,-24.90447,127.57043,-61.02231,0.00486,116.864,3.1806
456.5,-25.79843,128.22006,-61.75233,0.00415,118.20387,4.03406
456.75,-26.64401,128.83453,-62.44284,0.00347,119.47122,4.84134
457,-27.43315,129.40799,-63.08726,0.00284,120.65399,5.59472
457.25,-28.15778,129.93458,-63.679,0.00227,121.74007,6.28653
457.5,-28.80984,130.40843,-64.21149,0.00175,122.71738,6.90906
457.75,-29.38139,130.82377,-64.67822,0.00129,123.57402,7.45471
458,-29.86507,131.17526,-65.0732,0.0009,124.29897,7.91649
458.25,-30.25526,131.4588,-65.39184,0.00059,124.88378,8.289
458.5,-30.55016,131.67311,-65.63266,0.00036,125.32578,8.57054
458.75,-30.75467,131.82169,-65.79968,0.0002,125.63219,8.76572
459,-30.88223,131.91414,-65.90397,0.00009,125.8224,8.88694
459.25,-30.95371,131.96499,-65.96291,0.00004,125.92527,8.95272
459.5,-30.9937,131.99053,-65.99739,0.00001,125.97147,8.98296
459.75,-31.02669,132.00537,-66.02907,0,125.98526,8.99386
460,-31.07518,132.02078,-66.07895,0,125.98058,8.99546
460.25,-31.15891,132.04482,-66.16641,0,125.96243,8.99242
460.5,-31.29389,132.08298,-66.30772,0,125.93085,8.98617
460.75,-31.49113,132.13867,-66.51424,0,125.88444,8.97689
461,-31.75638,132.21357,-66.79197,0,125.82203,8.96441
461.25,-32.09138,132.30816,-67.14274,0,125.7432,8.94864
461.5,-32.49561,132.42229,-67.56599,0,125.64809,8.92962
461.75,-32.9675,132.55553,-68.06009,0,125.53706,8.90741
462,-33.50513,132.70733,-68.62302,0,125.41056,8.88211
462.25,-34.10651,132.87713,-69.2527,0,125.26906,8.85381
462.5,-34.76965,133.06437,-69.94705,0,125.11302,8.8226
462.75,-35.49256,133.26849,-70.70397,0,124.94293,8.78859
463,-36.27324,133.48891,-71.52139,0,124.75924,8.75185
463.25,-37.1097,133.72509,-72.39721,0,124.56242,8.71248
463.5,-37.99995,133.97646,-73.32936,0,124.35295,8.67059
463.75,-38.942,134.24245,-74.31574,0,124.1313,8.62626
464,-39.93385,134.5225,-75.35426,0,123.89792,8.57958
464.25,-40.97351,134.81605,-76.44285,0,123.65329,8.53066
464.5,-42.059,135.12254,-77.57942,0,123.39788,8.47958
464.75,-43.18831,135.4414,-78.76188,0,123.13216,8.42643
465,-44.35946,135.77208,-79.98814,0,122.8566,8.37132
465.25,-45.57045,136.11401,-81.25612,0,122.57166,8.31433
465.5,-46.81929,136.46662,-82.56373,0,122.27781,8.25556
465.75,-48.10399,136.82936,-83.90889,0,121.97553,8.19511
466,-49.42256,137.20167,-85.28951,0,121.66528,8.13306
466.25,-50.77301,137.58297,-86.7035,0,121.34753,8.06951
466.5,-52.15334,137.97271,-88.14879,0,121.02274,8.00455
466.75,-53.56156,138.37032,-89.62328,0,120.6914,7.93828
467,-54.99567,138.77525,-91.12488,0,120.35396,7.87079
467.25,-56.4537,139.18693,-92.65152,0,120.01089,7.80218
467.5,-57.93363,139.60479,-94.2011,0,119.66267,7.73253
467.75,-59.43349,140.02828,-95.77154,0,119.30977,7.66195
468,-60.95128,140.45683,-97.36075,0,118.95264,7.59053
468.25,-62.48501,140.88988,-98.96666,0,118.59176,7.51835
468.5,-64.03268,141.32687,-100.58716,0,118.2276,7.44552
468.75,-65.59231,141.76724,-102.22018,0,117.86063,7.37213
469,-67.16189,142.21042,-103.86363,0,117.49132,7.29826
469.25,-68.73945,142.65584,-105.51542,0,117.12013,7.22403
469.5,-70.32298,143.10296,-107.17347,0,116.74753,7.14951
469.75,-71.91049,143.5512,-108.83569,0,116.374,7.0748
470,-73.5,144,-110.5,0,116,7
470.25,-75.08951,144.4488,-112.16431,0,115.626,6.9252
470.5,-76.67702,144.89704,-113.82653,0,115.25247,6.85049
470.75,-78.26055,145.34416,-115.48458,0,114.87987,6.77597
471,-79.83811,145.78958,-117.13637,0,114.50868,6.70174
471.25,-81.40769,146.23276,-118.77982,0,114.13937,6.62787
471.5,-82.96732,146.67313,-120.41284,0,113.7724,6.55448
471.75,-84.51499,147.11012,-122.03334,0,113.40824,6.48165
472,-86.04872,147.54317,-123.63925,0,113.04736,6.40947
472.25,-87.56651,147.97172,-125.22846,0,112.69023,6.33805
472.5,-89.06637,148.39521,-126.7989,0,112.33733,6.26747
472.75,-90.5463,148.81307,-128.34848,0,111.98911,6.19782
473,-92.00433,149.22475,-129.87512,0,111.64604,6.12921
473.25,-93.43844,149.62968,-131.37672,0,111.3086,6.06172
473.5,-94.84666,150.02729,-132.85121,0,110.97726,5.99545
473.75,-96.22699,150.41703,-134.2965,0,110.65247,5.93049
474,-97.57744,150.79833,-135.71049,0,110.33472,5.86694
474.25,-98.89601,151.17064,-137.09111,0,110.02447,5.80489
474.5,-100.18071,151.53338,-138.43627,0,109.72219,5.74444
474.75,-101.42955,151.88599,-139.74388,0,109.42834,5.68567
475,-102.64054,152.22792,-141.01186,0,109.1434,5.62868
475.25,-103.81169,152.5586,-142.23812,0,108.86784,5.57357
475.5,-104.941,152.87746,-143.42058,0,108.60212,5.52042
475.75,-106.02649,153.18395,-144.55715,0,108.34671,5.46934
476,-107.06615,153.4775,-145.64574,0,108.10208,5.42042
476.25,-108.058,153.75755,-146.68426,0,107.8687,5.37374
476.5,-109.00005,154.02354,-147.67064,0,107.64705,5.32941
476.75,-109.8903,154.27491,-148.60279,0,107.43758,5.28752
477,-110.72676,154.51109,-149.47861,0,107.24076,5.24815
477.25,-111.50744,154.73151,-150.29603,0,107.05707,5.21141
477.5,-112.23035,154.93563,-151.05295,0,106.88698,5.1774
477.75,-112.89349,155.12287,-151.7473,0,106.73094,5.14619
478,-113.49487,155.29267,-152.37698,0,106.58944,5.11789
478.25,-114.0325,155.44447,-152.93991,0,106.46294,5.09259
478.5,-114.50439,155.57771,-153.43401,0,106.35191,5.07038
478.75,-114.90862,155.69184,-153.85726,0,106.2568,5.05136
479,-115.24362,155.78643,-154.20803,0,106.17797,5.03559
479.25,-115.50887,155.86133,-154.48576,0,106.11556,5.02311
479.5,-115.70611,155.91702,-154.69228,0,106.06915,5.01383
479.75,-115.84099,155.9551,-154.8335,0,106.03741,5.00748
480,-115.92382,155.97849,-154.92024,0,106.01792,5.00358